-- MySQL dump 10.13  Distrib 8.0.42, for Win64 (x86_64)
--
-- Host: 127.0.0.1    Database: booking_db
-- ------------------------------------------------------
-- Server version	8.0.42

/*!40101 SET @OLD_CHARACTER_SET_CLIENT=@@CHARACTER_SET_CLIENT */;
/*!40101 SET @OLD_CHARACTER_SET_RESULTS=@@CHARACTER_SET_RESULTS */;
/*!40101 SET @OLD_COLLATION_CONNECTION=@@COLLATION_CONNECTION */;
/*!50503 SET NAMES utf8 */;
/*!40103 SET @OLD_TIME_ZONE=@@TIME_ZONE */;
/*!40103 SET TIME_ZONE='+00:00' */;
/*!40014 SET @OLD_UNIQUE_CHECKS=@@UNIQUE_CHECKS, UNIQUE_CHECKS=0 */;
/*!40014 SET @OLD_FOREIGN_KEY_CHECKS=@@FOREIGN_KEY_CHECKS, FOREIGN_KEY_CHECKS=0 */;
/*!40101 SET @OLD_SQL_MODE=@@SQL_MODE, SQL_MODE='NO_AUTO_VALUE_ON_ZERO' */;
/*!40111 SET @OLD_SQL_NOTES=@@SQL_NOTES, SQL_NOTES=0 */;

--
-- Table structure for table `order_items`
--

DROP TABLE IF EXISTS `order_items`;
/*!40101 SET @saved_cs_client     = @@character_set_client */;
/*!50503 SET character_set_client = utf8mb4 */;
CREATE TABLE `order_items` (
  `price` double NOT NULL,
  `quantity` int NOT NULL,
  `combo_id` bigint DEFAULT NULL,
  `created_at` datetime(6) DEFAULT NULL,
  `food_id` bigint DEFAULT NULL,
  `id` bigint NOT NULL AUTO_INCREMENT,
  `order_id` bigint NOT NULL,
  `updated_at` datetime(6) DEFAULT NULL,
  PRIMARY KEY (`id`),
  KEY `FKbioxgbv59vetrxe0ejfubep1w` (`order_id`),
  CONSTRAINT `FKbioxgbv59vetrxe0ejfubep1w` FOREIGN KEY (`order_id`) REFERENCES `orders` (`id`)
) ENGINE=InnoDB AUTO_INCREMENT=90 DEFAULT CHARSET=utf8mb4 COLLATE=utf8mb4_0900_ai_ci;
/*!40101 SET character_set_client = @saved_cs_client */;

--
-- Dumping data for table `order_items`
--

LOCK TABLES `order_items` WRITE;
/*!40000 ALTER TABLE `order_items` DISABLE KEYS */;
INSERT INTO `order_items` VALUES (30000,1,NULL,'2025-10-04 09:24:47.254201',3,1,10,NULL),(60000,1,NULL,'2025-10-04 09:24:47.263267',6,2,10,NULL),(75000,1,2,'2025-10-04 09:24:47.265545',NULL,3,10,NULL),(30000,1,NULL,'2025-10-04 09:39:31.148274',3,4,11,NULL),(110000,1,3,'2025-10-04 09:39:31.153929',NULL,5,11,NULL),(30000,1,NULL,'2025-10-04 09:40:21.189666',3,6,12,NULL),(110000,1,3,'2025-10-04 09:40:21.190689',NULL,7,12,NULL),(30000,1,NULL,'2025-10-04 09:40:37.945115',3,8,13,NULL),(100000,1,1,'2025-10-04 09:40:37.947664',NULL,9,13,NULL),(30000,1,NULL,'2025-10-04 10:20:12.909800',3,10,14,NULL),(30000,1,NULL,'2025-10-04 10:20:21.877639',3,11,15,NULL),(30000,1,NULL,'2025-10-04 10:20:28.315474',3,12,16,NULL),(60000,1,NULL,'2025-10-05 09:24:06.334681',1,13,17,NULL),(60000,1,NULL,'2025-10-05 09:24:06.339235',6,14,17,NULL),(30000,1,NULL,'2025-10-05 09:24:06.341223',3,15,17,NULL),(60000,1,NULL,'2025-10-05 12:10:57.472663',6,18,19,NULL),(110000,1,3,'2025-10-05 12:10:57.474677',NULL,19,19,NULL),(30000,1,NULL,'2025-10-05 14:20:36.619235',3,20,33,NULL),(110000,1,3,'2025-10-05 14:20:36.621350',NULL,21,33,NULL),(110000,1,3,'2025-10-05 15:01:04.954229',NULL,22,34,NULL),(60000,1,NULL,'2025-10-06 09:09:18.642723',1,23,52,NULL),(100000,1,1,'2025-10-06 09:09:18.649484',NULL,24,52,NULL),(25000,1,NULL,'2025-10-06 09:12:20.911254',2,25,53,NULL),(75000,1,2,'2025-10-06 09:12:20.912835',NULL,26,53,NULL),(60000,1,NULL,'2025-10-06 09:12:48.943093',1,27,54,NULL),(25000,1,NULL,'2025-10-06 09:12:48.944138',2,28,54,NULL),(30000,1,NULL,'2025-10-06 09:12:48.946289',3,29,54,NULL),(20000,1,NULL,'2025-10-06 09:12:48.947814',4,30,54,NULL),(60000,1,NULL,'2025-10-06 09:12:48.948842',6,31,54,NULL),(40000,1,NULL,'2025-10-06 09:12:48.949846',5,32,54,NULL),(100000,1,1,'2025-10-06 09:12:48.950825',NULL,33,54,NULL),(75000,1,2,'2025-10-06 09:12:48.952328',NULL,34,54,NULL),(220000,2,3,'2025-10-06 09:12:48.953332',NULL,35,54,NULL),(20000,1,NULL,'2025-10-06 09:14:58.056141',4,36,55,NULL),(150000,2,2,'2025-10-06 09:14:58.057703',NULL,37,55,NULL),(50000,2,NULL,'2025-10-06 09:24:03.695049',2,38,56,NULL),(75000,1,2,'2025-10-06 09:24:03.697409',NULL,39,56,NULL),(25000,1,NULL,'2025-10-06 09:32:00.130341',2,40,57,NULL),(60000,1,NULL,'2025-10-06 09:32:00.131341',1,41,57,NULL),(100000,1,1,'2025-10-06 09:32:00.132847',NULL,42,57,NULL),(75000,1,2,'2025-10-06 09:32:00.133371',NULL,43,57,NULL),(25000,1,NULL,'2025-10-06 09:34:23.622234',2,44,59,NULL),(60000,1,NULL,'2025-10-06 09:34:23.623243',1,45,59,NULL),(30000,1,NULL,'2025-10-11 23:06:33.879319',3,46,85,NULL),(30000,1,NULL,'2025-10-11 23:06:41.496075',3,47,86,NULL),(40000,2,NULL,'2025-10-11 23:06:41.496075',4,48,86,NULL),(30000,1,NULL,'2025-10-11 23:10:32.471534',3,49,87,NULL),(60000,2,NULL,'2025-10-11 23:10:38.350856',3,50,88,NULL),(40000,2,NULL,'2025-10-11 23:20:08.228969',4,51,91,NULL),(40000,2,NULL,'2025-10-11 23:20:31.099286',4,52,92,NULL),(30000,1,NULL,'2025-10-11 23:27:49.865773',3,53,95,NULL),(110000,1,3,'2025-10-11 23:27:49.867280',NULL,54,95,NULL),(20000,1,NULL,'2025-10-11 23:33:30.763232',4,55,98,NULL),(20000,1,NULL,'2025-10-11 23:33:38.076205',4,56,99,NULL),(20000,1,NULL,'2025-10-11 23:34:00.890362',4,57,100,NULL),(25000,1,NULL,'2025-10-13 09:25:16.974724',2,61,150,NULL),(75000,1,2,'2025-10-13 09:25:16.982541',NULL,62,150,NULL),(1000,1,NULL,'2025-10-13 16:27:53.656802',2,63,151,NULL),(1000,1,NULL,'2025-10-13 16:27:53.665677',3,64,151,NULL),(1000,1,1,'2025-10-13 16:27:53.665677',NULL,65,151,NULL),(1000,1,NULL,'2025-10-13 16:32:26.872006',2,66,152,NULL),(1000,1,NULL,'2025-10-13 16:32:26.875745',3,67,152,NULL),(1000,1,1,'2025-10-13 16:32:26.877251',NULL,68,152,NULL),(1000,1,2,'2025-10-13 16:32:26.878766',NULL,69,152,NULL),(1000,1,NULL,'2025-10-13 17:36:14.199815',2,70,165,NULL),(1000,1,NULL,'2025-10-13 17:36:14.202885',3,71,165,NULL),(1000,1,1,'2025-10-13 17:36:14.204892',NULL,72,165,NULL),(1000,1,2,'2025-10-13 17:36:14.206398',NULL,73,165,NULL),(1000,1,NULL,'2025-10-14 09:14:19.955610',2,74,168,NULL),(1000,1,NULL,'2025-10-14 09:14:19.958766',3,75,168,NULL),(1000,1,1,'2025-10-14 09:14:19.959770',NULL,76,168,NULL),(1000,1,2,'2025-10-14 09:14:19.961767',NULL,77,168,NULL),(2000,2,NULL,'2025-10-14 09:16:22.103267',2,78,169,NULL),(2000,2,NULL,'2025-10-14 09:16:22.105426',3,79,169,NULL),(2000,2,2,'2025-10-14 09:16:22.107434',NULL,80,169,NULL),(1000,1,1,'2025-10-14 09:16:22.108659',NULL,81,169,NULL),(2000,2,NULL,'2025-10-14 17:15:16.904518',2,82,170,NULL),(1000,1,NULL,'2025-10-14 17:15:16.910567',3,83,170,NULL),(2000,2,1,'2025-10-14 17:15:16.912054',NULL,84,170,NULL),(1000,1,2,'2025-10-14 17:15:16.914064',NULL,85,170,NULL),(70000,2,NULL,'2025-10-28 14:50:29.258796',3,88,172,NULL),(110000,1,3,'2025-10-28 14:50:29.286378',NULL,89,172,NULL);
/*!40000 ALTER TABLE `order_items` ENABLE KEYS */;
UNLOCK TABLES;

--
-- Table structure for table `orders`
--

DROP TABLE IF EXISTS `orders`;
/*!40101 SET @saved_cs_client     = @@character_set_client */;
/*!50503 SET character_set_client = utf8mb4 */;
CREATE TABLE `orders` (
  `paid` bit(1) NOT NULL,
  `total_amount` double NOT NULL,
  `created_at` datetime(6) DEFAULT NULL,
  `id` bigint NOT NULL AUTO_INCREMENT,
  `staff_id` bigint DEFAULT NULL,
  `updated_at` datetime(6) DEFAULT NULL,
  `user_id` bigint DEFAULT NULL,
  `customer_name` varchar(255) DEFAULT NULL,
  `customer_phone` varchar(255) DEFAULT NULL,
  PRIMARY KEY (`id`)
) ENGINE=InnoDB AUTO_INCREMENT=177 DEFAULT CHARSET=utf8mb4 COLLATE=utf8mb4_0900_ai_ci;
/*!40101 SET character_set_client = @saved_cs_client */;

--
-- Dumping data for table `orders`
--

LOCK TABLES `orders` WRITE;
/*!40000 ALTER TABLE `orders` DISABLE KEYS */;
INSERT INTO `orders` VALUES (_binary '\0',80000,'2025-10-03 16:50:17.983149',1,4138,NULL,NULL,NULL,NULL),(_binary '\0',80000,'2025-10-03 17:01:42.215942',2,4138,NULL,NULL,NULL,NULL),(_binary '\0',80000,'2025-10-03 17:02:18.542429',3,4138,NULL,NULL,NULL,NULL),(_binary '\0',80000,'2025-10-03 17:04:07.782083',4,4138,NULL,NULL,NULL,NULL),(_binary '\0',80000,'2025-10-03 17:04:56.916326',5,4139,NULL,NULL,NULL,NULL),(_binary '\0',50000,'2025-10-03 17:05:23.320113',6,4139,NULL,NULL,NULL,NULL),(_binary '\0',50000,'2025-10-03 17:06:35.255920',7,4138,NULL,NULL,NULL,NULL),(_binary '\0',50000,'2025-10-03 17:06:46.475986',8,4138,NULL,NULL,NULL,NULL),(_binary '\0',80000,'2025-10-03 17:07:13.463287',9,4139,NULL,NULL,NULL,NULL),(_binary '\0',215000,'2025-10-04 09:24:47.207024',10,4138,NULL,NULL,'minh','0974798105'),(_binary '\0',310000,'2025-10-04 09:39:31.114414',11,4138,NULL,NULL,NULL,NULL),(_binary '\0',190000,'2025-10-04 09:40:21.186544',12,4138,NULL,NULL,NULL,NULL),(_binary '\0',130000,'2025-10-04 09:40:37.941040',13,4138,NULL,NULL,NULL,NULL),(_binary '\0',110000,'2025-10-04 10:20:12.851566',14,4138,NULL,NULL,NULL,NULL),(_binary '\0',30000,'2025-10-04 10:20:21.874511',15,4138,NULL,NULL,NULL,NULL),(_binary '\0',30000,'2025-10-04 10:20:28.313134',16,4138,NULL,NULL,NULL,NULL),(_binary '\0',270000,'2025-10-05 09:24:06.254168',17,4138,NULL,NULL,'trang peos','0962783305'),(_binary '',170000,'2025-10-05 12:10:57.468393',19,4138,'2025-10-05 12:10:57.486251',NULL,'Minh','0974798105'),(_binary '',50000,'2025-10-05 12:24:32.320311',25,4138,'2025-10-05 12:24:32.337600',NULL,NULL,NULL),(_binary '',120000,'2025-10-05 12:33:28.263772',26,4138,'2025-10-05 12:33:28.268019',NULL,NULL,NULL),(_binary '\0',50000,'2025-10-05 14:15:12.200370',27,4138,NULL,NULL,NULL,NULL),(_binary '\0',50000,'2025-10-05 14:15:49.896997',28,4138,NULL,NULL,NULL,NULL),(_binary '\0',80000,'2025-10-05 14:17:58.650364',29,4138,NULL,NULL,NULL,NULL),(_binary '\0',80000,'2025-10-05 14:18:18.700737',30,4138,NULL,NULL,NULL,NULL),(_binary '\0',50000,'2025-10-05 14:19:33.508974',31,4138,NULL,NULL,NULL,NULL),(_binary '\0',50000,'2025-10-05 14:20:06.290665',32,4138,NULL,NULL,NULL,NULL),(_binary '\0',260000,'2025-10-05 14:20:36.616590',33,4138,NULL,NULL,NULL,NULL),(_binary '\0',270000,'2025-10-05 15:01:04.916429',34,4138,NULL,NULL,NULL,NULL),(_binary '\0',2000,'2025-10-05 15:09:15.581917',35,4138,NULL,NULL,NULL,NULL),(_binary '\0',2000,'2025-10-05 15:09:24.243062',36,4138,NULL,NULL,NULL,NULL),(_binary '\0',2000,'2025-10-05 15:09:34.900834',37,4138,NULL,NULL,NULL,NULL),(_binary '\0',2000,'2025-10-05 15:09:48.029419',38,4138,NULL,NULL,NULL,NULL),(_binary '\0',80000,'2025-10-05 15:10:44.187063',39,4138,NULL,NULL,NULL,NULL),(_binary '\0',80000,'2025-10-05 15:11:00.373535',40,4138,NULL,NULL,NULL,NULL),(_binary '\0',2000,'2025-10-05 15:11:22.523430',41,4138,NULL,NULL,NULL,NULL),(_binary '\0',2000,'2025-10-05 15:14:49.653140',42,4138,NULL,NULL,NULL,NULL),(_binary '\0',2000,'2025-10-05 15:23:23.407673',43,4138,NULL,NULL,NULL,NULL),(_binary '\0',2000,'2025-10-05 15:29:12.684065',44,4138,NULL,NULL,NULL,NULL),(_binary '\0',2000,'2025-10-05 15:38:02.078829',45,4138,NULL,NULL,NULL,NULL),(_binary '\0',2000,'2025-10-05 15:46:25.879314',46,4138,NULL,NULL,NULL,NULL),(_binary '\0',2000,'2025-10-05 15:48:16.747353',47,4138,NULL,NULL,NULL,NULL),(_binary '',2000,'2025-10-05 16:12:49.933606',48,4138,'2025-10-05 16:18:46.698767',NULL,NULL,NULL),(_binary '',2000,'2025-10-05 16:20:04.716463',49,4138,'2025-10-05 16:20:33.553324',NULL,NULL,NULL),(_binary '',2000,'2025-10-05 16:27:08.021689',50,4138,'2025-10-05 16:27:34.973196',NULL,NULL,NULL),(_binary '\0',2000,'2025-10-06 09:06:44.342996',51,4138,NULL,NULL,NULL,NULL),(_binary '',162000,'2025-10-06 09:09:18.637877',52,4138,'2025-10-06 09:09:18.661231',NULL,NULL,NULL),(_binary '',102000,'2025-10-06 09:12:20.908056',53,4138,'2025-10-06 09:12:20.919050',NULL,NULL,NULL),(_binary '',632000,'2025-10-06 09:12:48.941091',54,4138,'2025-10-06 09:12:48.960082',NULL,NULL,NULL),(_binary '',172000,'2025-10-06 09:14:58.053992',55,4138,'2025-10-06 09:19:19.072169',NULL,'minh','0987456213'),(_binary '',129000,'2025-10-06 09:24:03.692155',56,4138,'2025-10-06 09:24:17.312412',NULL,'abc','0874598149'),(_binary '',500000,'2025-10-06 09:32:00.128314',57,4138,'2025-10-06 09:32:00.143964',NULL,'abc','0587964187'),(_binary '',2000,'2025-10-06 09:33:19.101879',58,4138,'2025-10-06 09:33:38.254456',NULL,NULL,NULL),(_binary '',85000,'2025-10-06 09:34:23.619845',59,4138,'2025-10-06 09:34:37.643774',NULL,NULL,NULL),(_binary '',2000,'2025-10-10 16:08:09.959609',60,4139,'2025-10-10 16:08:10.140166',NULL,NULL,NULL),(_binary '',2000,'2025-10-10 16:11:35.563364',61,4139,'2025-10-10 16:11:35.575257',NULL,NULL,NULL),(_binary '',2000,'2025-10-10 16:14:09.473915',62,4139,'2025-10-10 16:14:09.484319',NULL,NULL,NULL),(_binary '',2000,'2025-10-10 16:15:19.812156',63,4139,'2025-10-10 16:15:19.823512',NULL,NULL,NULL),(_binary '',2000,'2025-10-10 16:15:49.629304',64,4139,'2025-10-10 16:15:49.638303',NULL,NULL,NULL),(_binary '',2000,'2025-10-10 16:17:58.273477',65,4139,'2025-10-10 16:17:58.275053',NULL,NULL,NULL),(_binary '',2000,'2025-10-10 16:18:12.215686',66,4139,'2025-10-10 16:18:12.221958',NULL,NULL,NULL),(_binary '',2000,'2025-10-10 16:22:04.796391',67,4139,'2025-10-10 16:22:04.804335',NULL,NULL,NULL),(_binary '',2000,'2025-10-10 16:22:16.439302',68,4139,'2025-10-10 16:22:16.451195',NULL,NULL,NULL),(_binary '',2000,'2025-10-10 16:26:18.427540',69,4139,'2025-10-10 16:26:18.435636',NULL,NULL,NULL),(_binary '',120000,'2025-10-10 16:27:07.193087',70,4139,'2025-10-10 16:27:07.198825',NULL,NULL,NULL),(_binary '',80000,'2025-10-10 16:27:27.582372',71,4139,'2025-10-10 16:27:27.587891',NULL,NULL,NULL),(_binary '',120000,'2025-10-10 16:29:37.128936',72,4139,'2025-10-10 16:29:37.135035',NULL,NULL,NULL),(_binary '',80000,'2025-10-10 16:29:41.404779',73,4139,'2025-10-10 16:29:41.413129',NULL,NULL,NULL),(_binary '',80000,'2025-10-10 16:29:45.766236',74,4139,'2025-10-10 16:29:45.773932',NULL,NULL,NULL),(_binary '',2000,'2025-10-10 17:13:41.140128',75,4139,'2025-10-10 17:13:41.163456',NULL,NULL,NULL),(_binary '',2000,'2025-10-10 17:19:09.884723',76,4139,'2025-10-10 17:19:09.892274',NULL,NULL,NULL),(_binary '',2000,'2025-10-10 17:19:14.386420',77,4139,'2025-10-10 17:19:14.392480',NULL,NULL,NULL),(_binary '',2000,'2025-10-11 12:33:06.736620',78,4138,'2025-10-11 12:33:06.841281',NULL,NULL,NULL),(_binary '\0',2000,'2025-10-11 22:43:42.533069',79,NULL,NULL,4135,NULL,NULL),(_binary '\0',2000,'2025-10-11 22:46:30.376281',80,NULL,NULL,4135,NULL,NULL),(_binary '\0',80000,'2025-10-11 22:46:52.572022',81,NULL,NULL,4135,NULL,NULL),(_binary '\0',120000,'2025-10-11 22:47:50.654717',82,NULL,NULL,4135,NULL,NULL),(_binary '\0',2000,'2025-10-11 22:47:59.589130',83,NULL,NULL,4135,NULL,NULL),(_binary '\0',2000,'2025-10-11 23:06:27.619311',84,NULL,NULL,4135,NULL,NULL),(_binary '\0',32000,'2025-10-11 23:06:33.879319',85,NULL,NULL,4135,NULL,NULL),(_binary '\0',190000,'2025-10-11 23:06:41.494985',86,NULL,NULL,4135,NULL,NULL),(_binary '\0',34000,'2025-10-11 23:10:32.471534',87,NULL,NULL,4135,NULL,NULL),(_binary '\0',180000,'2025-10-11 23:10:38.347320',88,NULL,NULL,4135,NULL,NULL),(_binary '\0',2000,'2025-10-11 23:12:15.605242',89,NULL,NULL,4135,NULL,NULL),(_binary '\0',80000,'2025-10-11 23:12:19.983583',90,NULL,NULL,4135,NULL,NULL),(_binary '\0',240000,'2025-10-11 23:20:08.227970',91,NULL,NULL,4135,NULL,NULL),(_binary '\0',160000,'2025-10-11 23:20:31.097528',92,NULL,NULL,4135,NULL,NULL),(_binary '\0',2000,'2025-10-11 23:26:10.333715',93,NULL,NULL,4135,NULL,NULL),(_binary '\0',2000,'2025-10-11 23:26:25.690863',94,NULL,NULL,4135,NULL,NULL),(_binary '\0',342000,'2025-10-11 23:27:49.865253',95,NULL,NULL,4135,NULL,NULL),(_binary '\0',200000,'2025-10-11 23:30:08.415772',96,NULL,NULL,4135,NULL,NULL),(_binary '\0',120000,'2025-10-11 23:30:28.327651',97,NULL,NULL,4135,NULL,NULL),(_binary '\0',102000,'2025-10-11 23:33:30.762044',98,NULL,NULL,4135,NULL,NULL),(_binary '\0',100000,'2025-10-11 23:33:38.075045',99,NULL,NULL,4135,NULL,NULL),(_binary '\0',100000,'2025-10-11 23:34:00.887870',100,NULL,NULL,4135,NULL,NULL),(_binary '\0',2000,'2025-10-11 23:34:18.929276',101,NULL,NULL,4135,NULL,NULL),(_binary '\0',82000,'2025-10-11 23:34:23.270401',102,NULL,NULL,4135,NULL,NULL),(_binary '\0',2000,'2025-10-12 10:45:02.814891',103,NULL,NULL,4135,NULL,NULL),(_binary '\0',2000,'2025-10-12 10:46:47.669183',104,NULL,NULL,4135,NULL,NULL),(_binary '',2000,'2025-10-12 16:41:32.217631',115,4138,'2025-10-12 16:41:32.226153',NULL,NULL,NULL),(_binary '',2000,'2025-10-12 16:47:14.291523',119,4138,'2025-10-12 16:47:14.307799',NULL,NULL,NULL),(_binary '',2000,'2025-10-12 16:47:33.777218',120,4138,'2025-10-12 16:47:33.785257',NULL,NULL,NULL),(_binary '',2000,'2025-10-12 16:53:09.962073',123,4138,'2025-10-12 16:53:09.967539',NULL,NULL,NULL),(_binary '',2000,'2025-10-12 16:58:33.669851',127,4138,'2025-10-12 16:58:33.678872',NULL,NULL,NULL),(_binary '',2000,'2025-10-12 17:02:21.075002',128,4138,'2025-10-12 17:02:21.080247',NULL,NULL,NULL),(_binary '',80000,'2025-10-12 17:02:46.158106',129,4138,'2025-10-12 17:02:46.163121',NULL,NULL,NULL),(_binary '',2000,'2025-10-12 17:03:58.902812',130,4138,'2025-10-12 17:03:58.910109',NULL,NULL,NULL),(_binary '',80000,'2025-10-12 17:04:44.292530',131,4138,'2025-10-12 17:04:44.298580',NULL,NULL,NULL),(_binary '',80000,'2025-10-12 17:08:05.457553',132,4138,'2025-10-12 17:08:05.464369',NULL,NULL,NULL),(_binary '',120000,'2025-10-12 17:08:52.242523',133,4138,'2025-10-12 17:08:52.250304',NULL,NULL,NULL),(_binary '',120000,'2025-10-12 17:10:58.870134',134,4138,'2025-10-12 17:10:58.877235',NULL,NULL,NULL),(_binary '',120000,'2025-10-12 17:12:00.034455',135,4138,'2025-10-12 17:12:00.040534',NULL,NULL,NULL),(_binary '',2000,'2025-10-12 17:17:02.388567',136,4138,'2025-10-12 17:17:02.397282',NULL,NULL,NULL),(_binary '',2000,'2025-10-12 17:18:21.352652',137,4138,'2025-10-12 17:18:21.357891',NULL,NULL,NULL),(_binary '\0',2000,'2025-10-12 17:18:43.808071',138,4138,NULL,NULL,NULL,NULL),(_binary '\0',2000,'2025-10-12 17:18:54.412839',139,4138,NULL,NULL,NULL,NULL),(_binary '\0',2000,'2025-10-12 17:19:24.856166',140,4138,NULL,NULL,NULL,NULL),(_binary '\0',2000,'2025-10-12 17:33:09.510343',141,4138,NULL,NULL,NULL,NULL),(_binary '\0',2000,'2025-10-12 17:33:29.949482',142,4138,NULL,NULL,NULL,NULL),(_binary '',2000,'2025-10-13 09:13:30.976647',148,NULL,'2025-10-13 09:18:27.530513',4135,NULL,NULL),(_binary '',2000,'2025-10-13 09:21:33.399587',149,NULL,'2025-10-13 09:21:54.223259',4135,NULL,NULL),(_binary '',102000,'2025-10-13 09:25:16.970593',150,NULL,'2025-10-13 09:25:24.643812',4135,NULL,NULL),(_binary '\0',5000,'2025-10-13 16:27:53.622223',151,NULL,NULL,4135,NULL,NULL),(_binary '\0',6000,'2025-10-13 16:32:26.838893',152,NULL,NULL,4135,NULL,NULL),(_binary '\0',2000,'2025-10-13 17:09:16.106818',153,NULL,NULL,4135,NULL,NULL),(_binary '\0',2000,'2025-10-13 17:09:16.106818',154,NULL,NULL,4135,NULL,NULL),(_binary '\0',2000,'2025-10-13 17:09:16.106818',155,NULL,NULL,4135,NULL,NULL),(_binary '',2000,'2025-10-13 17:11:34.580281',161,NULL,'2025-10-13 17:15:57.862251',4135,NULL,NULL),(_binary '',2000,'2025-10-13 17:24:59.758325',163,NULL,'2025-10-13 17:25:14.565212',4135,NULL,NULL),(_binary '',2000,'2025-10-13 17:29:58.837247',164,NULL,'2025-10-13 21:47:31.495411',4135,NULL,NULL),(_binary '',6000,'2025-10-13 17:36:14.193817',165,NULL,'2025-10-13 21:14:01.006107',4135,NULL,NULL),(_binary '',2000,'2025-10-13 22:02:58.980281',166,NULL,'2025-10-13 22:06:55.152280',4135,NULL,NULL),(_binary '',2000,'2025-10-14 08:59:35.258740',167,NULL,'2025-10-14 09:00:23.420133',4135,NULL,NULL),(_binary '',6000,'2025-10-14 09:14:19.952543',168,NULL,'2025-10-14 09:15:20.252486',4153,NULL,NULL),(_binary '',131000,'2025-10-14 09:16:22.100693',169,NULL,'2025-10-14 09:16:34.787612',4153,NULL,NULL),(_binary '',10000,'2025-10-14 17:15:16.866826',170,NULL,'2025-10-14 17:15:31.376023',4153,NULL,NULL),(_binary '',530000,'2025-10-28 14:50:29.183140',172,4138,'2025-10-28 14:50:29.324347',NULL,NULL,NULL),(_binary '',630000,'2025-10-29 09:56:20.532701',173,4138,'2025-10-29 09:56:20.616751',NULL,NULL,NULL),(_binary '',300000,'2025-10-29 09:56:26.366466',174,4138,'2025-10-29 09:56:26.376931',NULL,NULL,NULL),(_binary '',430000,'2025-10-29 09:56:30.894775',175,4138,'2025-10-29 09:56:30.905256',NULL,NULL,NULL),(_binary '',960000,'2025-10-29 09:56:38.351097',176,4138,'2025-10-29 09:56:38.381834',NULL,NULL,NULL);
/*!40000 ALTER TABLE `orders` ENABLE KEYS */;
UNLOCK TABLES;

--
-- Table structure for table `payments`
--

DROP TABLE IF EXISTS `payments`;
/*!40101 SET @saved_cs_client     = @@character_set_client */;
/*!50503 SET character_set_client = utf8mb4 */;
CREATE TABLE `payments` (
  `id` bigint NOT NULL AUTO_INCREMENT,
  `created_at` datetime(6) DEFAULT NULL,
  `updated_at` datetime(6) DEFAULT NULL,
  `amount` double NOT NULL,
  `method` enum('CASH','SEPAY') NOT NULL,
  `note` varchar(255) DEFAULT NULL,
  `status` enum('CANCELLED','FAILED','PENDING','SUCCESS') NOT NULL,
  `order_id` bigint NOT NULL,
  `sepay_tx_id` bigint DEFAULT NULL,
  PRIMARY KEY (`id`),
  UNIQUE KEY `UK9vmh81nb7fmwpe5h8jelgs1wi` (`sepay_tx_id`),
  KEY `FK81gagumt0r8y3rmudcgpbk42l` (`order_id`),
  CONSTRAINT `FK6k5slrusbjc8juqx0htneiqf7` FOREIGN KEY (`sepay_tx_id`) REFERENCES `sepay_transactions` (`id`),
  CONSTRAINT `FK81gagumt0r8y3rmudcgpbk42l` FOREIGN KEY (`order_id`) REFERENCES `orders` (`id`)
) ENGINE=InnoDB AUTO_INCREMENT=160 DEFAULT CHARSET=utf8mb4 COLLATE=utf8mb4_0900_ai_ci;
/*!40101 SET character_set_client = @saved_cs_client */;

--
-- Dumping data for table `payments`
--

LOCK TABLES `payments` WRITE;
/*!40000 ALTER TABLE `payments` DISABLE KEYS */;
INSERT INTO `payments` VALUES (2,'2025-10-05 12:10:57.476100','2025-10-05 12:10:57.490794',170000,'CASH',NULL,'SUCCESS',19,NULL),(8,'2025-10-05 12:24:32.324524','2025-10-05 12:24:32.342123',50000,'CASH',NULL,'SUCCESS',25,NULL),(9,'2025-10-05 12:33:28.268019','2025-10-05 12:33:28.268019',120000,'CASH',NULL,'SUCCESS',26,NULL),(10,'2025-10-05 14:15:12.286156',NULL,50000,'SEPAY',NULL,'PENDING',27,NULL),(11,'2025-10-05 14:15:49.902162',NULL,50000,'SEPAY',NULL,'PENDING',28,NULL),(12,'2025-10-05 14:17:58.654531',NULL,80000,'SEPAY',NULL,'PENDING',29,NULL),(13,'2025-10-05 14:18:18.704659',NULL,80000,'SEPAY',NULL,'PENDING',30,NULL),(14,'2025-10-05 14:19:33.517803',NULL,50000,'SEPAY',NULL,'PENDING',31,NULL),(15,'2025-10-05 14:20:06.293461',NULL,50000,'SEPAY',NULL,'PENDING',32,NULL),(16,'2025-10-05 14:20:36.627471',NULL,260000,'SEPAY',NULL,'PENDING',33,NULL),(17,'2025-10-05 15:01:04.965267',NULL,270000,'SEPAY',NULL,'PENDING',34,NULL),(18,'2025-10-05 15:09:15.617464',NULL,2000,'SEPAY',NULL,'PENDING',35,NULL),(19,'2025-10-05 15:09:24.245968',NULL,2000,'SEPAY',NULL,'PENDING',36,NULL),(20,'2025-10-05 15:09:34.903834',NULL,2000,'SEPAY',NULL,'PENDING',37,NULL),(21,'2025-10-05 15:09:48.033283',NULL,2000,'SEPAY',NULL,'PENDING',38,NULL),(22,'2025-10-05 15:10:44.191740',NULL,80000,'SEPAY',NULL,'PENDING',39,NULL),(23,'2025-10-05 15:11:00.384295',NULL,80000,'SEPAY',NULL,'PENDING',40,NULL),(24,'2025-10-05 15:11:22.527671',NULL,2000,'SEPAY',NULL,'PENDING',41,NULL),(25,'2025-10-05 15:14:49.672168',NULL,2000,'SEPAY',NULL,'PENDING',42,NULL),(26,'2025-10-05 15:23:23.433928',NULL,2000,'SEPAY',NULL,'PENDING',43,NULL),(27,'2025-10-05 15:29:12.736192',NULL,2000,'SEPAY',NULL,'PENDING',44,NULL),(28,'2025-10-05 15:38:02.081554',NULL,2000,'SEPAY',NULL,'PENDING',45,NULL),(29,'2025-10-05 15:46:25.919594',NULL,2000,'SEPAY',NULL,'PENDING',46,NULL),(30,'2025-10-05 15:48:16.789077',NULL,2000,'SEPAY',NULL,'PENDING',47,NULL),(31,'2025-10-05 16:12:49.942829','2025-10-05 16:18:46.698767',2000,'SEPAY',NULL,'SUCCESS',48,1),(32,'2025-10-05 16:20:04.754976','2025-10-05 16:20:33.553324',2000,'SEPAY',NULL,'SUCCESS',49,2),(33,'2025-10-05 16:27:08.069251','2025-10-05 16:27:34.975238',2000,'SEPAY',NULL,'SUCCESS',50,3),(34,'2025-10-06 09:06:44.409115',NULL,2000,'SEPAY',NULL,'PENDING',51,NULL),(35,'2025-10-06 09:09:18.654006','2025-10-06 09:09:18.664761',162000,'CASH',NULL,'SUCCESS',52,NULL),(36,'2025-10-06 09:12:20.916815','2025-10-06 09:12:20.919050',102000,'CASH',NULL,'SUCCESS',53,NULL),(37,'2025-10-06 09:12:48.956348','2025-10-06 09:12:48.961900',632000,'CASH',NULL,'SUCCESS',54,NULL),(38,'2025-10-06 09:14:58.059729','2025-10-06 09:19:19.072169',172000,'SEPAY',NULL,'SUCCESS',55,4),(39,'2025-10-06 09:24:03.703579','2025-10-06 09:24:17.312412',129000,'SEPAY',NULL,'SUCCESS',56,5),(40,'2025-10-06 09:32:00.141455','2025-10-06 09:32:00.145290',500000,'CASH',NULL,'SUCCESS',57,NULL),(41,'2025-10-06 09:33:19.106430','2025-10-06 09:33:38.254456',2000,'SEPAY',NULL,'SUCCESS',58,6),(42,'2025-10-06 09:34:23.625242','2025-10-06 09:34:37.643774',85000,'SEPAY',NULL,'SUCCESS',59,7),(43,'2025-10-10 16:08:10.105607','2025-10-10 16:08:10.147701',2000,'CASH',NULL,'SUCCESS',60,NULL),(44,'2025-10-10 16:11:35.570659','2025-10-10 16:11:35.575257',2000,'CASH',NULL,'SUCCESS',61,NULL),(45,'2025-10-10 16:14:09.480315','2025-10-10 16:14:09.484319',2000,'CASH',NULL,'SUCCESS',62,NULL),(46,'2025-10-10 16:15:19.820110','2025-10-10 16:15:19.823512',2000,'CASH',NULL,'SUCCESS',63,NULL),(47,'2025-10-10 16:15:49.635752','2025-10-10 16:15:49.638303',2000,'CASH',NULL,'SUCCESS',64,NULL),(48,'2025-10-10 16:17:58.275053','2025-10-10 16:17:58.275053',2000,'CASH',NULL,'SUCCESS',65,NULL),(49,'2025-10-10 16:18:12.219941','2025-10-10 16:18:12.222966',2000,'CASH',NULL,'SUCCESS',66,NULL),(50,'2025-10-10 16:22:04.800697','2025-10-10 16:22:04.804335',2000,'CASH',NULL,'SUCCESS',67,NULL),(51,'2025-10-10 16:22:16.445883','2025-10-10 16:22:16.451195',2000,'CASH',NULL,'SUCCESS',68,NULL),(52,'2025-10-10 16:26:18.432583','2025-10-10 16:26:18.438647',2000,'CASH',NULL,'SUCCESS',69,NULL),(53,'2025-10-10 16:27:07.196832','2025-10-10 16:27:07.198825',120000,'CASH',NULL,'SUCCESS',70,NULL),(54,'2025-10-10 16:27:27.585383','2025-10-10 16:27:27.587891',80000,'CASH',NULL,'SUCCESS',71,NULL),(55,'2025-10-10 16:29:37.133037','2025-10-10 16:29:37.135035',120000,'CASH',NULL,'SUCCESS',72,NULL),(56,'2025-10-10 16:29:41.409119','2025-10-10 16:29:41.413129',80000,'CASH',NULL,'SUCCESS',73,NULL),(57,'2025-10-10 16:29:45.771467','2025-10-10 16:29:45.773932',80000,'CASH',NULL,'SUCCESS',74,NULL),(58,'2025-10-10 17:13:41.157397','2025-10-10 17:13:41.163981',2000,'CASH',NULL,'SUCCESS',75,NULL),(59,'2025-10-10 17:19:09.889746','2025-10-10 17:19:09.893290',2000,'CASH',NULL,'SUCCESS',76,NULL),(60,'2025-10-10 17:19:14.390449','2025-10-10 17:19:14.393461',2000,'CASH',NULL,'SUCCESS',77,NULL),(61,'2025-10-11 12:33:06.813302','2025-10-11 12:33:06.848728',2000,'CASH',NULL,'SUCCESS',78,NULL),(62,'2025-10-11 22:43:42.614953',NULL,2000,'SEPAY',NULL,'PENDING',79,NULL),(63,'2025-10-11 22:46:30.386861',NULL,2000,'SEPAY',NULL,'PENDING',80,NULL),(64,'2025-10-11 22:46:52.580813',NULL,80000,'SEPAY',NULL,'PENDING',81,NULL),(65,'2025-10-11 22:47:50.664115',NULL,120000,'SEPAY',NULL,'PENDING',82,NULL),(66,'2025-10-11 22:47:59.601201',NULL,2000,'SEPAY',NULL,'PENDING',83,NULL),(67,'2025-10-11 23:06:27.629522',NULL,2000,'SEPAY',NULL,'PENDING',84,NULL),(68,'2025-10-11 23:06:33.890855',NULL,32000,'SEPAY',NULL,'PENDING',85,NULL),(69,'2025-10-11 23:06:41.504981',NULL,190000,'SEPAY',NULL,'PENDING',86,NULL),(70,'2025-10-11 23:10:32.474565',NULL,34000,'SEPAY',NULL,'PENDING',87,NULL),(71,'2025-10-11 23:10:38.352574',NULL,180000,'SEPAY',NULL,'PENDING',88,NULL),(72,'2025-10-11 23:12:15.609912',NULL,2000,'SEPAY',NULL,'PENDING',89,NULL),(73,'2025-10-11 23:12:19.993135',NULL,80000,'SEPAY',NULL,'PENDING',90,NULL),(74,'2025-10-11 23:20:08.238548',NULL,240000,'SEPAY',NULL,'PENDING',91,NULL),(75,'2025-10-11 23:20:31.107516',NULL,160000,'SEPAY',NULL,'PENDING',92,NULL),(76,'2025-10-11 23:26:10.340991',NULL,2000,'SEPAY',NULL,'PENDING',93,NULL),(77,'2025-10-11 23:26:25.697669',NULL,2000,'SEPAY',NULL,'PENDING',94,NULL),(78,'2025-10-11 23:27:49.877645',NULL,342000,'SEPAY',NULL,'PENDING',95,NULL),(79,'2025-10-11 23:30:08.425991',NULL,200000,'SEPAY',NULL,'PENDING',96,NULL),(80,'2025-10-11 23:30:28.336923',NULL,120000,'SEPAY',NULL,'PENDING',97,NULL),(81,'2025-10-11 23:33:30.773843',NULL,102000,'SEPAY',NULL,'PENDING',98,NULL),(82,'2025-10-11 23:33:38.082402',NULL,100000,'SEPAY',NULL,'PENDING',99,NULL),(83,'2025-10-11 23:34:00.898130',NULL,100000,'SEPAY',NULL,'PENDING',100,NULL),(84,'2025-10-11 23:34:18.937607',NULL,2000,'SEPAY',NULL,'PENDING',101,NULL),(85,'2025-10-11 23:34:23.278983',NULL,82000,'SEPAY',NULL,'PENDING',102,NULL),(86,'2025-10-12 10:45:02.878239',NULL,2000,'SEPAY',NULL,'PENDING',103,NULL),(87,'2025-10-12 10:46:47.672713',NULL,2000,'SEPAY',NULL,'PENDING',104,NULL),(98,'2025-10-12 16:41:32.221016','2025-10-12 16:41:32.227173',2000,'CASH',NULL,'SUCCESS',115,NULL),(102,'2025-10-12 16:47:14.298968','2025-10-12 16:47:14.309856',2000,'CASH',NULL,'SUCCESS',119,NULL),(103,'2025-10-12 16:47:33.781611','2025-10-12 16:47:33.785257',2000,'CASH',NULL,'SUCCESS',120,NULL),(106,'2025-10-12 16:53:09.964909','2025-10-12 16:53:09.967539',2000,'CASH',NULL,'SUCCESS',123,NULL),(110,'2025-10-12 16:58:33.675305','2025-10-12 16:58:33.679871',2000,'CASH',NULL,'SUCCESS',127,NULL),(111,'2025-10-12 17:02:21.078203','2025-10-12 17:02:21.080247',2000,'CASH',NULL,'SUCCESS',128,NULL),(112,'2025-10-12 17:02:46.161123','2025-10-12 17:02:46.163121',80000,'CASH',NULL,'SUCCESS',129,NULL),(113,'2025-10-12 17:03:58.907484','2025-10-12 17:03:58.911107',2000,'CASH',NULL,'SUCCESS',130,NULL),(114,'2025-10-12 17:04:44.294780','2025-10-12 17:04:44.298580',80000,'CASH',NULL,'SUCCESS',131,NULL),(115,'2025-10-12 17:08:05.462562','2025-10-12 17:08:05.464369',80000,'CASH',NULL,'SUCCESS',132,NULL),(116,'2025-10-12 17:08:52.248305','2025-10-12 17:08:52.250304',120000,'CASH',NULL,'SUCCESS',133,NULL),(117,'2025-10-12 17:10:58.874675','2025-10-12 17:10:58.877235',120000,'CASH',NULL,'SUCCESS',134,NULL),(118,'2025-10-12 17:12:00.038351','2025-10-12 17:12:00.040534',120000,'CASH',NULL,'SUCCESS',135,NULL),(119,'2025-10-12 17:17:02.394244','2025-10-12 17:17:02.397919',2000,'CASH',NULL,'SUCCESS',136,NULL),(120,'2025-10-12 17:18:21.355890','2025-10-12 17:18:21.357891',2000,'CASH',NULL,'SUCCESS',137,NULL),(121,'2025-10-12 17:18:43.811132',NULL,2000,'SEPAY',NULL,'PENDING',138,NULL),(122,'2025-10-12 17:18:54.417058',NULL,2000,'SEPAY',NULL,'PENDING',139,NULL),(123,'2025-10-12 17:19:24.860721',NULL,2000,'SEPAY',NULL,'PENDING',140,NULL),(124,'2025-10-12 17:33:09.544935',NULL,2000,'SEPAY',NULL,'PENDING',141,NULL),(125,'2025-10-12 17:33:29.954149',NULL,2000,'SEPAY',NULL,'PENDING',142,NULL),(131,'2025-10-13 09:13:30.991980','2025-10-13 09:18:27.531515',2000,'SEPAY',NULL,'SUCCESS',148,8),(132,'2025-10-13 09:21:33.417842','2025-10-13 09:21:54.223259',2000,'SEPAY',NULL,'SUCCESS',149,10),(133,'2025-10-13 09:25:16.993270','2025-10-13 09:25:24.643812',102000,'SEPAY',NULL,'SUCCESS',150,11),(134,'2025-10-13 16:27:53.685961',NULL,5000,'SEPAY',NULL,'PENDING',151,NULL),(135,'2025-10-13 16:32:26.897276',NULL,6000,'SEPAY',NULL,'PENDING',152,NULL),(136,'2025-10-13 17:09:16.138816',NULL,2000,'SEPAY',NULL,'PENDING',154,NULL),(137,'2025-10-13 17:09:16.138816',NULL,2000,'SEPAY',NULL,'PENDING',153,NULL),(138,'2025-10-13 17:09:16.138816',NULL,2000,'SEPAY',NULL,'PENDING',155,NULL),(144,'2025-10-13 17:11:34.590596','2025-10-13 17:15:57.862251',2000,'SEPAY',NULL,'SUCCESS',161,32),(146,'2025-10-13 17:24:59.798944','2025-10-13 17:25:14.566758',2000,'SEPAY',NULL,'SUCCESS',163,34),(147,'2025-10-13 17:29:58.844706','2025-10-13 21:47:31.498421',2000,'SEPAY',NULL,'SUCCESS',164,47),(148,'2025-10-13 17:36:14.216812','2025-10-13 21:14:01.007109',6000,'SEPAY',NULL,'SUCCESS',165,45),(149,'2025-10-13 22:02:59.018913','2025-10-13 22:06:55.156288',2000,'SEPAY',NULL,'SUCCESS',166,52),(150,'2025-10-14 08:59:35.304999','2025-10-14 09:00:23.422144',2000,'SEPAY',NULL,'SUCCESS',167,56),(151,'2025-10-14 09:14:19.967529','2025-10-14 09:15:20.253567',6000,'SEPAY',NULL,'SUCCESS',168,57),(152,'2025-10-14 09:16:22.120084','2025-10-14 09:16:34.787612',131000,'SEPAY',NULL,'SUCCESS',169,58),(153,'2025-10-14 17:15:16.933340','2025-10-14 17:15:31.376998',10000,'SEPAY',NULL,'SUCCESS',170,59),(155,'2025-10-28 14:50:29.300420','2025-10-28 14:50:29.329517',530000,'CASH',NULL,'SUCCESS',172,NULL),(156,'2025-10-29 09:56:20.598921','2025-10-29 09:56:20.620724',630000,'CASH',NULL,'SUCCESS',173,NULL),(157,'2025-10-29 09:56:26.371463','2025-10-29 09:56:26.376931',300000,'CASH',NULL,'SUCCESS',174,NULL),(158,'2025-10-29 09:56:30.903186','2025-10-29 09:56:30.906257',430000,'CASH',NULL,'SUCCESS',175,NULL),(159,'2025-10-29 09:56:38.377657','2025-10-29 09:56:38.382853',960000,'CASH',NULL,'SUCCESS',176,NULL);
/*!40000 ALTER TABLE `payments` ENABLE KEYS */;
UNLOCK TABLES;

--
-- Table structure for table `sepay_transactions`
--

DROP TABLE IF EXISTS `sepay_transactions`;
/*!40101 SET @saved_cs_client     = @@character_set_client */;
/*!50503 SET character_set_client = utf8mb4 */;
CREATE TABLE `sepay_transactions` (
  `id` bigint NOT NULL AUTO_INCREMENT,
  `created_at` datetime(6) DEFAULT NULL,
  `updated_at` datetime(6) DEFAULT NULL,
  `account_number` varchar(255) DEFAULT NULL,
  `accumulated` double DEFAULT NULL,
  `code` varchar(255) DEFAULT NULL,
  `content` text,
  `description` text,
  `gateway` varchar(255) DEFAULT NULL,
  `raw_data` longtext,
  `reference_code` varchar(255) DEFAULT NULL,
  `sepay_id` bigint NOT NULL,
  `status` varchar(255) NOT NULL,
  `sub_account` varchar(255) DEFAULT NULL,
  `transaction_date` datetime(6) DEFAULT NULL,
  `transfer_amount` double NOT NULL,
  `transfer_type` varchar(255) DEFAULT NULL,
  `order_id` bigint DEFAULT NULL,
  PRIMARY KEY (`id`),
  UNIQUE KEY `UK5k9mjy9dos0da2bqqb94v3vs8` (`sepay_id`),
  KEY `FKjhfmr38qt4ax11quorf081lu6` (`order_id`),
  CONSTRAINT `FKjhfmr38qt4ax11quorf081lu6` FOREIGN KEY (`order_id`) REFERENCES `orders` (`id`)
) ENGINE=InnoDB AUTO_INCREMENT=60 DEFAULT CHARSET=utf8mb4 COLLATE=utf8mb4_0900_ai_ci;
/*!40101 SET character_set_client = @saved_cs_client */;

--
-- Dumping data for table `sepay_transactions`
--

LOCK TABLES `sepay_transactions` WRITE;
/*!40000 ALTER TABLE `sepay_transactions` DISABLE KEYS */;
INSERT INTO `sepay_transactions` VALUES (1,'2025-10-05 16:18:46.681313',NULL,'56711111111',318013,NULL,'48 FT25279364129059','BankAPINotify 48 FT25279364129059','TPBank','{\"id\":25351964,\"gateway\":\"TPBank\",\"transactionDate\":\"2025-10-05 16:13:20\",\"accountNumber\":\"56711111111\",\"code\":null,\"content\":\"48 FT25279364129059\",\"transferType\":\"in\",\"transferAmount\":2000,\"accumulated\":318013,\"subAccount\":null,\"referenceCode\":\"663V60225279AA3B\",\"description\":\"BankAPINotify 48 FT25279364129059\"}','663V60225279AA3B',25351964,'PENDING',NULL,'2025-10-05 16:13:20.000000',2000,'in',NULL),(2,'2025-10-05 16:20:33.521560',NULL,'56711111111',320013,NULL,'49 FT25279010876569','BankAPINotify 49 FT25279010876569','TPBank','{\"id\":25352552,\"gateway\":\"TPBank\",\"transactionDate\":\"2025-10-05 16:20:34\",\"accountNumber\":\"56711111111\",\"code\":null,\"content\":\"49 FT25279010876569\",\"transferType\":\"in\",\"transferAmount\":2000,\"accumulated\":320013,\"subAccount\":null,\"referenceCode\":\"663V60225279AABI\",\"description\":\"BankAPINotify 49 FT25279010876569\"}','663V60225279AABI',25352552,'PENDING',NULL,'2025-10-05 16:20:34.000000',2000,'in',NULL),(3,'2025-10-05 16:27:34.951137',NULL,'56711111111',322013,NULL,'50 FT25279678091373','BankAPINotify 50 FT25279678091373','TPBank','{\"id\":25353137,\"gateway\":\"TPBank\",\"transactionDate\":\"2025-10-05 16:27:35\",\"accountNumber\":\"56711111111\",\"code\":null,\"content\":\"50 FT25279678091373\",\"transferType\":\"in\",\"transferAmount\":2000,\"accumulated\":322013,\"subAccount\":null,\"referenceCode\":\"663V60225279AAJ7\",\"description\":\"BankAPINotify 50 FT25279678091373\"}','663V60225279AAJ7',25353137,'SUCCESS',NULL,'2025-10-05 16:27:35.000000',2000,'in',50),(4,'2025-10-06 09:19:19.049147',NULL,'56711111111',494013,NULL,'55 FT25279308224034','BankAPINotify 55 FT25279308224034','TPBank','{\"id\":25415235,\"gateway\":\"TPBank\",\"transactionDate\":\"2025-10-06 09:15:15\",\"accountNumber\":\"56711111111\",\"code\":null,\"content\":\"55 FT25279308224034\",\"transferType\":\"in\",\"transferAmount\":172000,\"accumulated\":494013,\"subAccount\":null,\"referenceCode\":\"663V60225279ARQM\",\"description\":\"BankAPINotify 55 FT25279308224034\"}','663V60225279ARQM',25415235,'SUCCESS',NULL,'2025-10-06 09:15:15.000000',172000,'in',55),(5,'2025-10-06 09:24:17.304976',NULL,'56711111111',429013,NULL,'56 FT25279195050796','BankAPINotify 56 FT25279195050796','TPBank','{\"id\":25416017,\"gateway\":\"TPBank\",\"transactionDate\":\"2025-10-06 09:24:16\",\"accountNumber\":\"56711111111\",\"code\":null,\"content\":\"56 FT25279195050796\",\"transferType\":\"in\",\"transferAmount\":129000,\"accumulated\":429013,\"subAccount\":null,\"referenceCode\":\"663V60225279ARXQ\",\"description\":\"BankAPINotify 56 FT25279195050796\"}','663V60225279ARXQ',25416017,'SUCCESS',NULL,'2025-10-06 09:24:16.000000',129000,'in',56),(6,'2025-10-06 09:33:38.248156',NULL,'56711111111',431013,NULL,'58 FT25279471652054','BankAPINotify 58 FT25279471652054','TPBank','{\"id\":25416797,\"gateway\":\"TPBank\",\"transactionDate\":\"2025-10-06 09:33:37\",\"accountNumber\":\"56711111111\",\"code\":null,\"content\":\"58 FT25279471652054\",\"transferType\":\"in\",\"transferAmount\":2000,\"accumulated\":431013,\"subAccount\":null,\"referenceCode\":\"663V60225279AS6G\",\"description\":\"BankAPINotify 58 FT25279471652054\"}','663V60225279AS6G',25416797,'SUCCESS',NULL,'2025-10-06 09:33:37.000000',2000,'in',58),(7,'2025-10-06 09:34:37.638214',NULL,'56711111111',516013,NULL,'59 FT25279670709781','BankAPINotify 59 FT25279670709781','TPBank','{\"id\":25416882,\"gateway\":\"TPBank\",\"transactionDate\":\"2025-10-06 09:34:36\",\"accountNumber\":\"56711111111\",\"code\":null,\"content\":\"59 FT25279670709781\",\"transferType\":\"in\",\"transferAmount\":85000,\"accumulated\":516013,\"subAccount\":null,\"referenceCode\":\"663V60225279AS7H\",\"description\":\"BankAPINotify 59 FT25279670709781\"}','663V60225279AS7H',25416882,'SUCCESS',NULL,'2025-10-06 09:34:36.000000',85000,'in',59),(8,'2025-10-13 09:18:27.502477',NULL,'56711111111',2013,NULL,'148 FT25286983444611','BankAPINotify 148 FT25286983444611','TPBank','{\"id\":26135525,\"gateway\":\"TPBank\",\"transactionDate\":\"2025-10-13 09:14:01\",\"accountNumber\":\"56711111111\",\"code\":null,\"content\":\"148 FT25286983444611\",\"transferType\":\"in\",\"transferAmount\":2000,\"accumulated\":2013,\"subAccount\":null,\"referenceCode\":\"663V60225286B31C\",\"description\":\"BankAPINotify 148 FT25286983444611\"}','663V60225286B31C',26135525,'SUCCESS',NULL,'2025-10-13 09:14:01.000000',2000,'in',148),(10,'2025-10-13 09:21:54.218916',NULL,'56711111111',4013,NULL,'149 FT25286939107832','BankAPINotify 149 FT25286939107832','TPBank','{\"id\":26136304,\"gateway\":\"TPBank\",\"transactionDate\":\"2025-10-13 09:21:53\",\"accountNumber\":\"56711111111\",\"code\":null,\"content\":\"149 FT25286939107832\",\"transferType\":\"in\",\"transferAmount\":2000,\"accumulated\":4013,\"subAccount\":null,\"referenceCode\":\"663V60225286B3B3\",\"description\":\"BankAPINotify 149 FT25286939107832\"}','663V60225286B3B3',26136304,'SUCCESS',NULL,'2025-10-13 09:21:53.000000',2000,'in',149),(11,'2025-10-13 09:25:24.635921',NULL,'56711111111',106013,NULL,'150 FT25286150487839','BankAPINotify 150 FT25286150487839','TPBank','{\"id\":26136616,\"gateway\":\"TPBank\",\"transactionDate\":\"2025-10-13 09:25:23\",\"accountNumber\":\"56711111111\",\"code\":null,\"content\":\"150 FT25286150487839\",\"transferType\":\"in\",\"transferAmount\":102000,\"accumulated\":106013,\"subAccount\":null,\"referenceCode\":\"663V60225286B3F3\",\"description\":\"BankAPINotify 150 FT25286150487839\"}','663V60225286B3F3',26136616,'SUCCESS',NULL,'2025-10-13 09:25:23.000000',102000,'in',150),(32,'2025-10-13 17:13:11.060917',NULL,'56711111111',119013,NULL,'161 FT25286334169125','BankAPINotify 161 FT25286334169125','TPBank','{\"id\":26179921,\"gateway\":\"TPBank\",\"transactionDate\":\"2025-10-13 17:11:47\",\"accountNumber\":\"56711111111\",\"code\":null,\"content\":\"161 FT25286334169125\",\"transferType\":\"in\",\"transferAmount\":2000,\"accumulated\":119013,\"subAccount\":null,\"referenceCode\":\"663V60225286BKD9\",\"description\":\"BankAPINotify 161 FT25286334169125\"}','663V60225286BKD9',26179921,'SUCCESS',NULL,'2025-10-13 17:11:47.000000',2000,'in',161),(34,'2025-10-13 17:25:14.513674',NULL,'56711111111',123013,NULL,'163 FT25286035880635','BankAPINotify 163 FT25286035880635','TPBank','{\"id\":26181417,\"gateway\":\"TPBank\",\"transactionDate\":\"2025-10-13 17:25:13\",\"accountNumber\":\"56711111111\",\"code\":null,\"content\":\"163 FT25286035880635\",\"transferType\":\"in\",\"transferAmount\":2000,\"accumulated\":123013,\"subAccount\":null,\"referenceCode\":\"663V60225286BKYL\",\"description\":\"BankAPINotify 163 FT25286035880635\"}','663V60225286BKYL',26181417,'SUCCESS',NULL,'2025-10-13 17:25:13.000000',2000,'in',163),(45,'2025-10-13 21:14:00.327327',NULL,'56711111111',131013,NULL,'165 FT25286954220263','BankAPINotify 165 FT25286954220263','TPBank','{\"id\":26182752,\"gateway\":\"TPBank\",\"transactionDate\":\"2025-10-13 17:36:23\",\"accountNumber\":\"56711111111\",\"code\":null,\"content\":\"165 FT25286954220263\",\"transferType\":\"in\",\"transferAmount\":6000,\"accumulated\":131013,\"subAccount\":null,\"referenceCode\":\"663V60225286BLHA\",\"description\":\"BankAPINotify 165 FT25286954220263\"}','663V60225286BLHA',26182752,'SUCCESS',NULL,'2025-10-13 17:36:23.000000',6000,'in',165),(47,'2025-10-13 21:47:29.594002',NULL,'56711111111',125013,NULL,'164 FT25286170942163','BankAPINotify 164 FT25286170942163','TPBank','{\"id\":26182498,\"gateway\":\"TPBank\",\"transactionDate\":\"2025-10-13 17:34:06\",\"accountNumber\":\"56711111111\",\"code\":null,\"content\":\"164 FT25286170942163\",\"transferType\":\"in\",\"transferAmount\":2000,\"accumulated\":125013,\"subAccount\":null,\"referenceCode\":\"663V60225286BLDH\",\"description\":\"BankAPINotify 164 FT25286170942163\"}','663V60225286BLDH',26182498,'SUCCESS',NULL,'2025-10-13 17:34:06.000000',2000,'in',164),(52,'2025-10-13 22:06:54.853281',NULL,'56711111111',2013,NULL,'166 FT25287501394127','BankAPINotify 166 FT25287501394127','TPBank','{\"id\":26212898,\"gateway\":\"TPBank\",\"transactionDate\":\"2025-10-13 22:03:19\",\"accountNumber\":\"56711111111\",\"code\":null,\"content\":\"166 FT25287501394127\",\"transferType\":\"in\",\"transferAmount\":2000,\"accumulated\":2013,\"subAccount\":null,\"referenceCode\":\"663V60225286BVI8\",\"description\":\"BankAPINotify 166 FT25287501394127\"}','663V60225286BVI8',26212898,'SUCCESS',NULL,'2025-10-13 22:03:19.000000',2000,'in',166),(56,'2025-10-14 09:00:19.037553',NULL,'56711111111',4013,NULL,'167 FT25287457836533','BankAPINotify 167 FT25287457836533','TPBank','{\"id\":26241289,\"gateway\":\"TPBank\",\"transactionDate\":\"2025-10-14 09:00:18\",\"accountNumber\":\"56711111111\",\"code\":null,\"content\":\"167 FT25287457836533\",\"transferType\":\"in\",\"transferAmount\":2000,\"accumulated\":4013,\"subAccount\":null,\"referenceCode\":\"663V602252877793\",\"description\":\"BankAPINotify 167 FT25287457836533\"}','663V602252877793',26241289,'SUCCESS',NULL,'2025-10-14 09:00:18.000000',2000,'in',167),(57,'2025-10-14 09:15:16.431442',NULL,'56711111111',10013,NULL,'168 FT25287566156001','BankAPINotify 168 FT25287566156001','TPBank','{\"id\":26242589,\"gateway\":\"TPBank\",\"transactionDate\":\"2025-10-14 09:15:16\",\"accountNumber\":\"56711111111\",\"code\":null,\"content\":\"168 FT25287566156001\",\"transferType\":\"in\",\"transferAmount\":6000,\"accumulated\":10013,\"subAccount\":null,\"referenceCode\":\"663V602252878358\",\"description\":\"BankAPINotify 168 FT25287566156001\"}','663V602252878358',26242589,'SUCCESS',NULL,'2025-10-14 09:15:16.000000',6000,'in',168),(58,'2025-10-14 09:16:30.853593',NULL,'56711111111',141013,NULL,'169 FT25287382908023','BankAPINotify 169 FT25287382908023','TPBank','{\"id\":26242712,\"gateway\":\"TPBank\",\"transactionDate\":\"2025-10-14 09:16:30\",\"accountNumber\":\"56711111111\",\"code\":null,\"content\":\"169 FT25287382908023\",\"transferType\":\"in\",\"transferAmount\":131000,\"accumulated\":141013,\"subAccount\":null,\"referenceCode\":\"663V602252878414\",\"description\":\"BankAPINotify 169 FT25287382908023\"}','663V602252878414',26242712,'SUCCESS',NULL,'2025-10-14 09:16:30.000000',131000,'in',169),(59,'2025-10-14 17:15:26.555411',NULL,'56711111111',10000,NULL,'170 FT25287003250319','BankAPINotify 170 FT25287003250319','TPBank','{\"id\":26286952,\"gateway\":\"TPBank\",\"transactionDate\":\"2025-10-14 17:15:25\",\"accountNumber\":\"56711111111\",\"code\":null,\"content\":\"170 FT25287003250319\",\"transferType\":\"in\",\"transferAmount\":10000,\"accumulated\":10000,\"subAccount\":null,\"referenceCode\":\"663V60225287AF2B\",\"description\":\"BankAPINotify 170 FT25287003250319\"}','663V60225287AF2B',26286952,'SUCCESS',NULL,'2025-10-14 17:15:25.000000',10000,'in',170);
/*!40000 ALTER TABLE `sepay_transactions` ENABLE KEYS */;
UNLOCK TABLES;

--
-- Table structure for table `tickets`
--

DROP TABLE IF EXISTS `tickets`;
/*!40101 SET @saved_cs_client     = @@character_set_client */;
/*!50503 SET character_set_client = utf8mb4 */;
CREATE TABLE `tickets` (
  `paid` bit(1) NOT NULL,
  `price` double NOT NULL,
  `reserved` bit(1) NOT NULL,
  `created_at` datetime(6) DEFAULT NULL,
  `id` bigint NOT NULL AUTO_INCREMENT,
  `order_id` bigint DEFAULT NULL,
  `reserved_at` datetime(6) DEFAULT NULL,
  `seat_id` bigint NOT NULL,
  `showtime_id` bigint NOT NULL,
  `updated_at` datetime(6) DEFAULT NULL,
  PRIMARY KEY (`id`),
  KEY `FKqgi3sbv1u45s41wawh75ut8ph` (`order_id`),
  CONSTRAINT `FKqgi3sbv1u45s41wawh75ut8ph` FOREIGN KEY (`order_id`) REFERENCES `orders` (`id`)
) ENGINE=InnoDB AUTO_INCREMENT=206 DEFAULT CHARSET=utf8mb4 COLLATE=utf8mb4_0900_ai_ci;
/*!40101 SET character_set_client = @saved_cs_client */;

--
-- Dumping data for table `tickets`
--

LOCK TABLES `tickets` WRITE;
/*!40000 ALTER TABLE `tickets` DISABLE KEYS */;
INSERT INTO `tickets` VALUES (_binary '\0',80000,_binary '\0','2025-10-03 16:50:18.032890',1,1,'2025-10-03 16:50:17.977862',36,7,'2025-10-03 16:56:48.310636'),(_binary '\0',80000,_binary '\0','2025-10-03 17:01:42.257649',2,2,'2025-10-03 17:01:42.208584',36,7,'2025-10-03 17:07:31.352684'),(_binary '\0',80000,_binary '\0','2025-10-03 17:02:18.555218',3,3,'2025-10-03 17:02:18.542429',37,7,'2025-10-03 17:07:31.354707'),(_binary '\0',80000,_binary '\0','2025-10-03 17:04:07.784494',4,4,'2025-10-03 17:04:07.781298',38,7,'2025-10-04 09:06:35.444337'),(_binary '\0',80000,_binary '\0','2025-10-03 17:04:56.923010',5,5,'2025-10-03 17:04:56.915326',39,7,'2025-10-04 09:06:35.450870'),(_binary '\0',50000,_binary '\0','2025-10-03 17:05:23.324135',6,6,'2025-10-03 17:05:23.320113',33,7,'2025-10-04 09:06:35.451866'),(_binary '\0',50000,_binary '\0','2025-10-03 17:06:35.266565',7,7,'2025-10-03 17:06:35.255920',34,7,'2025-10-04 09:06:35.451866'),(_binary '\0',50000,_binary '\0','2025-10-03 17:06:46.477500',8,8,'2025-10-03 17:06:46.475986',35,7,'2025-10-04 09:06:35.451866'),(_binary '\0',80000,_binary '\0','2025-10-03 17:07:13.466287',9,9,'2025-10-03 17:07:13.463287',36,7,'2025-10-04 09:06:35.451866'),(_binary '\0',50000,_binary '\0','2025-10-04 09:24:47.267522',10,10,'2025-10-04 09:24:47.189271',1,6,'2025-10-04 09:29:50.037545'),(_binary '\0',120000,_binary '\0','2025-10-04 09:39:31.157448',11,11,'2025-10-04 09:39:31.109430',7,6,'2025-10-04 09:44:49.915450'),(_binary '\0',50000,_binary '\0','2025-10-04 09:39:31.161628',12,11,'2025-10-04 09:39:31.109430',4,6,'2025-10-04 09:44:49.915450'),(_binary '\0',50000,_binary '\0','2025-10-04 09:40:21.191845',13,12,'2025-10-04 09:40:21.186544',65,6,'2025-10-04 09:45:49.909066'),(_binary '\0',80000,_binary '\0','2025-10-04 10:20:12.913421',14,14,'2025-10-04 10:20:12.844116',39,3,'2025-10-04 10:25:40.579050'),(_binary '\0',120000,_binary '\0','2025-10-05 09:24:06.342220',15,17,'2025-10-05 09:20:06.243948',7,5,'2025-10-05 09:26:59.011735'),(_binary '',50000,_binary '\0','2025-08-05 12:24:32.323524',22,25,NULL,32,7,'2025-10-05 12:24:32.342123'),(_binary '',120000,_binary '\0','2025-08-05 12:33:28.268019',23,26,NULL,61,7,'2025-10-05 12:33:28.268019'),(_binary '\0',50000,_binary '\0','2025-10-05 14:15:12.277211',24,27,'2025-10-05 14:15:12.176917',31,7,'2025-10-05 14:20:16.167296'),(_binary '\0',50000,_binary '\0','2025-10-05 14:15:49.900167',25,28,'2025-10-05 14:15:49.896422',14,7,'2025-10-05 14:21:16.144084'),(_binary '\0',80000,_binary '\0','2025-10-05 14:17:58.653531',26,29,'2025-10-05 14:17:58.649833',38,7,'2025-10-05 14:23:16.160246'),(_binary '\0',80000,_binary '\0','2025-10-05 14:18:18.703459',27,30,'2025-10-05 14:18:18.700174',42,7,'2025-10-05 14:24:16.152771'),(_binary '\0',50000,_binary '\0','2025-10-05 14:19:33.512158',28,31,'2025-10-05 14:19:33.508459',33,7,'2025-10-05 14:25:16.155484'),(_binary '\0',50000,_binary '\0','2025-10-05 14:20:06.292318',29,32,'2025-10-05 14:20:06.290665',24,7,'2025-10-05 14:25:16.155484'),(_binary '\0',120000,_binary '\0','2025-10-05 14:20:36.621350',30,33,'2025-10-05 14:20:36.615516',64,7,'2025-10-05 14:26:16.149299'),(_binary '\0',80000,_binary '\0','2025-10-05 15:01:04.956757',31,34,'2025-10-05 15:01:04.911407',50,7,'2025-10-05 15:06:27.133397'),(_binary '\0',80000,_binary '\0','2025-10-05 15:01:04.961453',32,34,'2025-10-05 15:01:04.911407',52,7,'2025-10-05 15:06:27.136820'),(_binary '\0',2000,_binary '\0','2025-10-05 15:09:15.617464',33,35,'2025-10-05 15:09:15.573831',24,7,'2025-10-05 15:14:36.649368'),(_binary '\0',2000,_binary '\0','2025-10-05 15:09:24.245968',34,36,'2025-10-05 15:09:24.243062',18,7,'2025-10-05 15:14:36.651875'),(_binary '\0',2000,_binary '\0','2025-10-05 15:09:34.902833',35,37,'2025-10-05 15:09:34.900834',33,7,'2025-10-05 15:14:36.651875'),(_binary '\0',2000,_binary '\0','2025-10-05 15:09:48.032248',36,38,'2025-10-05 15:09:48.029419',23,7,'2025-10-05 15:15:36.961918'),(_binary '\0',80000,_binary '\0','2025-10-05 15:10:44.189041',37,39,'2025-10-05 15:10:44.187063',39,7,'2025-10-05 15:18:20.045684'),(_binary '\0',80000,_binary '\0','2025-10-05 15:11:00.382029',38,40,'2025-10-05 15:11:00.373535',52,7,'2025-10-05 15:18:20.046226'),(_binary '\0',2000,_binary '\0','2025-10-05 15:11:22.525586',39,41,'2025-10-05 15:11:22.523430',10,7,'2025-10-05 15:18:20.046226'),(_binary '\0',2000,_binary '\0','2025-10-05 15:14:49.672168',40,42,'2025-10-05 15:14:49.641019',11,7,'2025-10-05 15:20:36.602589'),(_binary '\0',2000,_binary '\0','2025-10-05 15:23:23.423600',41,43,'2025-10-05 15:23:23.406327',10,7,'2025-10-05 15:28:36.091035'),(_binary '\0',2000,_binary '\0','2025-10-05 15:29:12.727400',42,44,'2025-10-05 15:29:12.677227',10,7,'2025-10-05 15:36:54.680199'),(_binary '\0',2000,_binary '\0','2025-10-05 15:38:02.081554',43,45,'2025-10-05 15:38:02.077825',10,7,'2025-10-05 15:43:35.858141'),(_binary '\0',2000,_binary '\0','2025-10-05 15:46:25.917402',44,46,'2025-10-05 15:46:25.874178',10,7,'2025-10-05 15:51:42.974606'),(_binary '\0',2000,_binary '\0','2025-09-05 15:48:16.789077',45,47,'2025-10-05 15:48:16.738329',11,7,'2025-10-05 15:53:42.977290'),(_binary '',2000,_binary '\0','2025-09-05 16:12:49.938293',46,48,NULL,10,7,'2025-10-05 16:18:46.698767'),(_binary '',2000,_binary '\0','2025-09-05 16:20:04.754976',47,49,NULL,11,7,'2025-10-05 16:20:33.553324'),(_binary '',2000,_binary '\0','2025-09-05 16:27:08.065733',48,50,NULL,12,7,'2025-10-05 16:27:34.974248'),(_binary '\0',2000,_binary '\0','2025-10-06 09:06:44.404166',49,51,'2025-10-06 09:06:44.332743',1,2,'2025-10-06 09:12:19.157001'),(_binary '',2000,_binary '\0','2025-10-06 09:09:18.651482',50,52,NULL,2,2,'2025-10-06 09:09:18.664761'),(_binary '',2000,_binary '\0','2025-10-06 09:12:20.915815',51,53,NULL,1,2,'2025-10-06 09:12:20.919050'),(_binary '',2000,_binary '\0','2025-10-06 09:12:48.954347',52,54,NULL,3,2,'2025-10-06 09:12:48.961900'),(_binary '',2000,_binary '\0','2025-10-06 09:14:58.058715',53,55,NULL,4,2,'2025-10-06 09:19:19.072169'),(_binary '',2000,_binary '\0','2025-10-06 09:24:03.698444',54,56,NULL,31,3,'2025-10-06 09:24:17.312412'),(_binary '',2000,_binary '\0','2025-10-06 09:24:03.700566',55,56,NULL,32,3,'2025-10-06 09:24:17.312412'),(_binary '',120000,_binary '\0','2025-10-06 09:32:00.136027',56,57,NULL,7,2,'2025-10-06 09:32:00.145290'),(_binary '',120000,_binary '\0','2025-10-06 09:32:00.137386',57,57,NULL,66,2,'2025-10-06 09:32:00.145290'),(_binary '',2000,_binary '\0','2025-10-06 09:33:19.104413',58,58,NULL,25,3,'2025-10-06 09:33:38.254456'),(_binary '',2000,_binary '\0','2025-10-10 16:08:10.091963',59,60,NULL,72,15,'2025-10-10 16:08:10.146178'),(_binary '',2000,_binary '\0','2025-10-10 16:11:35.567646',60,61,NULL,73,15,'2025-10-10 16:11:35.575257'),(_binary '',2000,_binary '\0','2025-10-10 16:14:09.478137',61,62,NULL,74,15,'2025-10-10 16:14:09.484319'),(_binary '',2000,_binary '\0','2025-10-10 16:15:19.816105',62,63,NULL,75,15,'2025-10-10 16:15:19.823512'),(_binary '',2000,_binary '\0','2025-10-10 16:15:49.632172',63,64,NULL,76,15,'2025-10-10 16:15:49.638303'),(_binary '',2000,_binary '\0','2025-10-10 16:17:58.275053',64,65,NULL,78,15,'2025-10-10 16:17:58.275053'),(_binary '',2000,_binary '\0','2025-10-10 16:18:12.218941',65,66,NULL,77,15,'2025-10-10 16:18:12.221958'),(_binary '',2000,_binary '\0','2025-10-10 16:22:04.799665',66,67,NULL,79,15,'2025-10-10 16:22:04.804335'),(_binary '',2000,_binary '\0','2025-10-10 16:22:16.442709',67,68,NULL,80,15,'2025-10-10 16:22:16.451195'),(_binary '',2000,_binary '\0','2025-10-10 16:26:18.430061',68,69,NULL,81,15,'2025-10-10 16:26:18.435636'),(_binary '',120000,_binary '\0','2025-10-10 16:27:07.195317',69,70,NULL,124,15,'2025-10-10 16:27:07.198825'),(_binary '',80000,_binary '\0','2025-10-10 16:27:27.584781',70,71,NULL,98,15,'2025-10-10 16:27:27.587891'),(_binary '',120000,_binary '\0','2025-10-10 16:29:37.131018',71,72,NULL,125,15,'2025-10-10 16:29:37.135035'),(_binary '',80000,_binary '\0','2025-10-10 16:29:41.407589',72,73,NULL,107,15,'2025-10-10 16:29:41.413129'),(_binary '',80000,_binary '\0','2025-10-10 16:29:45.769703',73,74,NULL,120,15,'2025-10-10 16:29:45.773932'),(_binary '',2000,_binary '\0','2025-10-10 17:13:41.154596',74,75,NULL,90,15,'2025-10-10 17:13:41.163981'),(_binary '',2000,_binary '\0','2025-10-10 17:19:09.887745',75,76,NULL,91,15,'2025-10-10 17:19:09.892274'),(_binary '',2000,_binary '\0','2025-10-10 17:19:14.389255',76,77,NULL,89,15,'2025-10-10 17:19:14.393461'),(_binary '',2000,_binary '\0','2025-10-11 12:33:06.802323',77,78,NULL,1,18,'2025-10-11 12:33:06.847688'),(_binary '\0',2000,_binary '\0','2025-10-11 22:43:42.593561',78,79,'2025-10-11 22:43:42.525886',72,17,'2025-10-11 22:49:25.503872'),(_binary '\0',2000,_binary '\0','2025-10-11 22:46:30.378325',79,80,'2025-10-11 22:46:30.375095',73,17,'2025-10-11 22:52:25.509403'),(_binary '\0',80000,_binary '\0','2025-10-11 22:46:52.574051',80,81,'2025-10-11 22:46:52.570503',115,17,'2025-10-11 22:52:25.509403'),(_binary '\0',120000,_binary '\0','2025-10-11 22:47:50.657412',81,82,'2025-10-11 22:47:50.654108',122,17,'2025-10-11 22:53:25.513404'),(_binary '\0',2000,_binary '\0','2025-10-11 22:47:59.590130',82,83,'2025-10-11 22:47:59.588131',75,17,'2025-10-11 22:53:25.514410'),(_binary '\0',2000,_binary '\0','2025-10-11 23:06:27.622610',83,84,'2025-10-11 23:06:27.618147',72,17,'2025-10-11 23:12:25.505818'),(_binary '\0',2000,_binary '\0','2025-10-11 23:06:33.879319',84,85,'2025-10-11 23:06:33.877998',73,17,'2025-10-11 23:12:25.505818'),(_binary '\0',120000,_binary '\0','2025-10-11 23:06:41.496075',85,86,'2025-10-11 23:06:41.494416',124,17,'2025-10-11 23:12:25.505818'),(_binary '\0',2000,_binary '\0','2025-10-11 23:10:32.474565',86,87,'2025-10-11 23:10:32.470980',79,17,'2025-10-11 23:16:25.514914'),(_binary '\0',2000,_binary '\0','2025-10-11 23:10:32.474565',87,87,'2025-10-11 23:10:32.470980',84,17,'2025-10-11 23:16:25.514914'),(_binary '\0',120000,_binary '\0','2025-10-11 23:10:38.352574',88,88,'2025-10-11 23:10:38.346319',126,17,'2025-10-11 23:16:25.514914'),(_binary '\0',2000,_binary '\0','2025-10-11 23:12:15.609912',89,89,'2025-10-11 23:12:15.604223',77,17,'2025-10-11 23:17:25.499559'),(_binary '\0',80000,_binary '\0','2025-10-11 23:12:19.987575',90,90,'2025-10-11 23:12:19.982446',101,17,'2025-10-11 23:17:25.499559'),(_binary '\0',120000,_binary '\0','2025-10-11 23:20:08.231275',91,91,'2025-10-11 23:20:08.226969',124,17,'2025-10-11 23:25:25.492958'),(_binary '\0',80000,_binary '\0','2025-10-11 23:20:08.232299',92,91,'2025-10-11 23:20:08.226969',120,17,'2025-10-11 23:25:25.492958'),(_binary '\0',120000,_binary '\0','2025-10-11 23:20:31.100349',93,92,'2025-10-11 23:20:31.096906',126,17,'2025-10-11 23:26:25.496137'),(_binary '\0',2000,_binary '\0','2025-10-11 23:26:10.335377',94,93,'2025-10-11 23:26:10.332657',74,17,'2025-10-11 23:31:25.507154'),(_binary '\0',2000,_binary '\0','2025-10-11 23:26:25.692480',95,94,'2025-10-11 23:26:25.690093',75,17,'2025-10-11 23:32:25.503859'),(_binary '\0',2000,_binary '\0','2025-10-11 23:27:49.868844',96,95,'2025-10-11 23:27:49.864033',77,17,'2025-10-11 23:33:25.502380'),(_binary '\0',80000,_binary '\0','2025-10-11 23:27:49.869848',97,95,'2025-10-11 23:27:49.864033',116,17,'2025-10-11 23:33:25.502380'),(_binary '\0',120000,_binary '\0','2025-10-11 23:27:49.870872',98,95,'2025-10-11 23:27:49.864033',125,17,'2025-10-11 23:33:25.502380'),(_binary '\0',80000,_binary '\0','2025-10-11 23:30:08.417316',99,96,'2025-10-11 23:30:08.414598',117,17,'2025-10-11 23:35:25.508253'),(_binary '\0',120000,_binary '\0','2025-10-11 23:30:08.418859',100,96,'2025-10-11 23:30:08.414598',124,17,'2025-10-11 23:35:25.508253'),(_binary '\0',120000,_binary '\0','2025-10-11 23:30:28.330728',101,97,'2025-10-11 23:30:28.327035',126,17,'2025-10-12 08:47:09.066592'),(_binary '\0',80000,_binary '\0','2025-10-11 23:33:30.764854',102,98,'2025-10-11 23:33:30.761453',104,17,'2025-10-12 08:47:09.074537'),(_binary '\0',2000,_binary '\0','2025-10-11 23:33:30.765874',103,98,'2025-10-11 23:33:30.761453',72,17,'2025-10-12 08:47:09.074537'),(_binary '\0',80000,_binary '\0','2025-10-11 23:33:38.077281',104,99,'2025-10-11 23:33:38.074433',120,17,'2025-10-12 08:47:09.074537'),(_binary '\0',80000,_binary '\0','2025-10-11 23:34:00.891373',105,100,'2025-10-11 23:34:00.886640',101,17,'2025-10-12 08:47:09.076547'),(_binary '\0',2000,_binary '\0','2025-10-11 23:34:18.930432',106,101,'2025-10-11 23:34:18.928101',80,17,'2025-10-12 08:47:09.076547'),(_binary '\0',2000,_binary '\0','2025-10-11 23:34:23.271615',107,102,'2025-10-11 23:34:23.269849',82,17,'2025-10-12 08:47:09.076547'),(_binary '\0',80000,_binary '\0','2025-10-11 23:34:23.273621',108,102,'2025-10-11 23:34:23.269849',102,17,'2025-10-12 08:47:09.076547'),(_binary '\0',2000,_binary '\0','2025-10-12 10:45:02.860118',109,103,'2025-10-12 10:45:02.807057',72,17,'2025-10-12 10:50:22.669131'),(_binary '\0',2000,_binary '\0','2025-10-12 10:46:47.669183',110,104,'2025-10-12 10:46:47.669183',73,17,'2025-10-12 10:52:22.676643'),(_binary '',2000,_binary '\0','2025-10-12 16:41:32.219483',121,115,NULL,1,8,'2025-10-12 16:41:32.227173'),(_binary '',2000,_binary '\0','2025-10-12 16:47:14.294522',125,119,NULL,2,8,'2025-10-12 16:47:14.309856'),(_binary '',2000,_binary '\0','2025-10-12 16:47:33.780061',126,120,NULL,3,8,'2025-10-12 16:47:33.785257'),(_binary '',2000,_binary '\0','2025-10-12 16:53:09.963176',129,123,NULL,4,8,'2025-10-12 16:53:09.967539'),(_binary '',2000,_binary '\0','2025-10-12 16:58:33.673148',133,127,NULL,65,8,'2025-10-12 16:58:33.679871'),(_binary '',2000,_binary '\0','2025-10-12 17:02:21.077087',134,128,NULL,68,8,'2025-10-12 17:02:21.080247'),(_binary '',80000,_binary '\0','2025-10-12 17:02:46.160122',135,129,NULL,67,8,'2025-10-12 17:02:46.163121'),(_binary '',2000,_binary '\0','2025-10-12 17:03:58.906459',136,130,NULL,70,8,'2025-10-12 17:03:58.910109'),(_binary '',80000,_binary '\0','2025-10-12 17:04:44.294223',137,131,NULL,5,8,'2025-10-12 17:04:44.298580'),(_binary '',80000,_binary '\0','2025-10-12 17:08:05.459706',138,132,NULL,6,8,'2025-10-12 17:08:05.464369'),(_binary '',120000,_binary '\0','2025-10-12 17:08:52.245489',139,133,NULL,7,8,'2025-10-12 17:08:52.250304'),(_binary '',120000,_binary '\0','2025-10-12 17:10:58.873153',140,134,NULL,66,8,'2025-10-12 17:10:58.877235'),(_binary '',120000,_binary '\0','2025-10-12 17:12:00.036343',141,135,NULL,69,8,'2025-10-12 17:12:00.040534'),(_binary '',2000,_binary '\0','2025-10-12 17:17:02.392656',142,136,NULL,1,9,'2025-10-12 17:17:02.397919'),(_binary '',2000,_binary '\0','2025-10-12 17:18:21.353879',143,137,NULL,2,9,'2025-10-12 17:18:21.357891'),(_binary '\0',2000,_binary '\0','2025-10-12 17:18:43.809262',144,138,'2025-10-12 17:18:43.808071',3,9,'2025-10-12 17:24:14.238896'),(_binary '\0',2000,_binary '\0','2025-10-12 17:18:54.415351',145,139,'2025-10-12 17:18:54.412839',4,9,'2025-10-12 17:24:14.238896'),(_binary '\0',2000,_binary '\0','2025-10-12 17:19:24.858586',146,140,'2025-10-12 17:19:24.856166',65,9,'2025-10-12 17:25:14.230545'),(_binary '\0',2000,_binary '\0','2025-10-12 17:33:09.542094',147,141,'2025-10-12 17:33:09.504209',3,9,'2025-10-13 08:12:43.605920'),(_binary '\0',2000,_binary '\0','2025-10-12 17:33:29.952126',148,142,'2025-10-12 17:33:29.949482',4,9,'2025-10-13 08:12:43.612557'),(_binary '',2000,_binary '\0','2025-10-13 09:13:30.983282',154,148,NULL,2,18,'2025-10-13 09:18:27.531515'),(_binary '',2000,_binary '\0','2025-10-13 09:21:33.406681',155,149,NULL,3,18,'2025-10-13 09:21:54.223259'),(_binary '',2000,_binary '\0','2025-10-13 09:25:16.982541',156,150,NULL,4,18,'2025-10-13 09:25:24.643812'),(_binary '\0',2000,_binary '\0','2025-10-13 16:27:53.665677',157,151,'2025-10-13 16:27:53.618341',71,12,'2025-10-13 16:33:26.781281'),(_binary '\0',2000,_binary '\0','2025-10-13 16:32:26.879775',158,152,'2025-10-13 16:32:26.832312',87,15,'2025-10-13 16:38:26.784609'),(_binary '\0',2000,_binary '\0','2025-10-13 17:09:16.113572',159,154,'2025-10-13 17:09:16.104793',88,15,'2025-10-13 17:15:36.636807'),(_binary '\0',2000,_binary '\0','2025-10-13 17:09:16.113572',161,155,'2025-10-13 17:09:16.104793',88,15,'2025-10-13 17:15:36.639331'),(_binary '\0',2000,_binary '\0','2025-10-13 17:09:16.113572',162,153,'2025-10-13 17:09:16.104793',88,15,'2025-10-13 17:15:36.639331'),(_binary '',2000,_binary '\0','2025-10-13 17:11:34.582791',167,161,NULL,87,15,'2025-10-13 17:15:57.862251'),(_binary '',2000,_binary '\0','2025-10-13 17:24:59.782751',169,163,NULL,88,15,'2025-10-13 17:25:14.565212'),(_binary '',2000,_binary '\0','2025-10-13 17:29:58.839333',170,164,NULL,86,15,'2025-10-13 21:47:31.498421'),(_binary '',2000,_binary '\0','2025-10-13 17:36:14.208403',171,165,NULL,85,15,'2025-10-13 21:14:01.007109'),(_binary '',2000,_binary '\0','2025-10-13 22:02:58.994252',172,166,NULL,10,19,'2025-10-13 22:06:55.156288'),(_binary '',2000,_binary '\0','2025-10-14 08:59:35.288889',173,167,NULL,11,19,'2025-10-14 09:00:23.422144'),(_binary '',2000,_binary '\0','2025-10-14 09:14:19.962985',174,168,NULL,12,19,'2025-10-14 09:15:20.252486'),(_binary '',2000,_binary '\0','2025-10-14 09:16:22.110646',175,169,NULL,13,19,'2025-10-14 09:16:34.787612'),(_binary '',120000,_binary '\0','2025-10-14 09:16:22.112166',176,169,NULL,62,19,'2025-10-14 09:16:34.787612'),(_binary '',2000,_binary '\0','2025-10-14 09:16:22.113413',177,169,NULL,15,19,'2025-10-14 09:16:34.787612'),(_binary '',2000,_binary '\0','2025-10-14 17:15:16.915087',178,170,NULL,14,19,'2025-10-14 17:15:31.376998'),(_binary '',2000,_binary '\0','2025-10-14 17:15:16.916597',179,170,NULL,16,19,'2025-10-14 17:15:31.376998'),(_binary '',80000,_binary '\0','2025-10-28 14:50:29.291415',181,172,NULL,10,22,'2025-10-28 14:50:29.329517'),(_binary '',120000,_binary '\0','2025-10-28 14:50:29.294496',182,172,NULL,49,22,'2025-10-28 14:50:29.329517'),(_binary '',150000,_binary '\0','2025-10-28 14:50:29.297057',183,172,NULL,61,22,'2025-10-28 14:50:29.329517'),(_binary '',80000,_binary '\0','2025-10-29 09:56:20.579099',184,173,NULL,10,25,'2025-10-29 09:56:20.620724'),(_binary '',80000,_binary '\0','2025-10-29 09:56:20.584346',185,173,NULL,11,25,'2025-10-29 09:56:20.620724'),(_binary '',80000,_binary '\0','2025-10-29 09:56:20.586988',186,173,NULL,12,25,'2025-10-29 09:56:20.620724'),(_binary '',120000,_binary '\0','2025-10-29 09:56:20.588521',187,173,NULL,49,25,'2025-10-29 09:56:20.620724'),(_binary '',120000,_binary '\0','2025-10-29 09:56:20.591268',188,173,NULL,50,25,'2025-10-29 09:56:20.620724'),(_binary '',150000,_binary '\0','2025-10-29 09:56:20.594927',189,173,NULL,61,25,'2025-10-29 09:56:20.620724'),(_binary '',150000,_binary '\0','2025-10-29 09:56:26.368448',190,174,NULL,8,24,'2025-10-29 09:56:26.376931'),(_binary '',150000,_binary '\0','2025-10-29 09:56:26.370463',191,174,NULL,9,24,'2025-10-29 09:56:26.376931'),(_binary '',80000,_binary '\0','2025-10-29 09:56:30.896775',192,175,NULL,4,23,'2025-10-29 09:56:30.906257'),(_binary '',80000,_binary '\0','2025-10-29 09:56:30.897790',193,175,NULL,65,23,'2025-10-29 09:56:30.906257'),(_binary '',120000,_binary '\0','2025-10-29 09:56:30.900339',194,175,NULL,67,23,'2025-10-29 09:56:30.906257'),(_binary '',150000,_binary '\0','2025-10-29 09:56:30.901339',195,175,NULL,69,23,'2025-10-29 09:56:30.906257'),(_binary '',120000,_binary '\0','2025-10-29 09:56:38.354772',196,176,NULL,39,26,'2025-10-29 09:56:38.381834'),(_binary '',80000,_binary '\0','2025-10-29 09:56:38.356979',197,176,NULL,33,26,'2025-10-29 09:56:38.381834'),(_binary '',80000,_binary '\0','2025-10-29 09:56:38.361743',198,176,NULL,34,26,'2025-10-29 09:56:38.381834'),(_binary '',120000,_binary '\0','2025-10-29 09:56:38.363273',199,176,NULL,38,26,'2025-10-29 09:56:38.381834'),(_binary '',120000,_binary '\0','2025-10-29 09:56:38.365282',200,176,NULL,37,26,'2025-10-29 09:56:38.381834'),(_binary '',120000,_binary '\0','2025-10-29 09:56:38.367282',201,176,NULL,36,26,'2025-10-29 09:56:38.382853'),(_binary '',80000,_binary '\0','2025-10-29 09:56:38.369266',202,176,NULL,32,26,'2025-10-29 09:56:38.382853'),(_binary '',80000,_binary '\0','2025-10-29 09:56:38.370328',203,176,NULL,31,26,'2025-10-29 09:56:38.382853'),(_binary '',80000,_binary '\0','2025-10-29 09:56:38.371326',204,176,NULL,30,26,'2025-10-29 09:56:38.382853'),(_binary '',80000,_binary '\0','2025-10-29 09:56:38.373443',205,176,NULL,35,26,'2025-10-29 09:56:38.382853');
/*!40000 ALTER TABLE `tickets` ENABLE KEYS */;
UNLOCK TABLES;
/*!40103 SET TIME_ZONE=@OLD_TIME_ZONE */;

/*!40101 SET SQL_MODE=@OLD_SQL_MODE */;
/*!40014 SET FOREIGN_KEY_CHECKS=@OLD_FOREIGN_KEY_CHECKS */;
/*!40014 SET UNIQUE_CHECKS=@OLD_UNIQUE_CHECKS */;
/*!40101 SET CHARACTER_SET_CLIENT=@OLD_CHARACTER_SET_CLIENT */;
/*!40101 SET CHARACTER_SET_RESULTS=@OLD_CHARACTER_SET_RESULTS */;
/*!40101 SET COLLATION_CONNECTION=@OLD_COLLATION_CONNECTION */;
/*!40111 SET SQL_NOTES=@OLD_SQL_NOTES */;

-- Dump completed on 2025-11-03 14:44:58
