-- MySQL dump 10.13  Distrib 8.0.42, for Win64 (x86_64)
--
-- Host: 127.0.0.1    Database: movie_db
-- ------------------------------------------------------
-- Server version	8.0.42

/*!40101 SET @OLD_CHARACTER_SET_CLIENT=@@CHARACTER_SET_CLIENT */;
/*!40101 SET @OLD_CHARACTER_SET_RESULTS=@@CHARACTER_SET_RESULTS */;
/*!40101 SET @OLD_COLLATION_CONNECTION=@@COLLATION_CONNECTION */;
/*!50503 SET NAMES utf8 */;
/*!40103 SET @OLD_TIME_ZONE=@@TIME_ZONE */;
/*!40103 SET TIME_ZONE='+00:00' */;
/*!40014 SET @OLD_UNIQUE_CHECKS=@@UNIQUE_CHECKS, UNIQUE_CHECKS=0 */;
/*!40014 SET @OLD_FOREIGN_KEY_CHECKS=@@FOREIGN_KEY_CHECKS, FOREIGN_KEY_CHECKS=0 */;
/*!40101 SET @OLD_SQL_MODE=@@SQL_MODE, SQL_MODE='NO_AUTO_VALUE_ON_ZERO' */;
/*!40111 SET @OLD_SQL_NOTES=@@SQL_NOTES, SQL_NOTES=0 */;

--
-- Table structure for table `categories`
--

DROP TABLE IF EXISTS `categories`;
/*!40101 SET @saved_cs_client     = @@character_set_client */;
/*!50503 SET character_set_client = utf8mb4 */;
CREATE TABLE `categories` (
  `active` bit(1) NOT NULL,
  `created_at` datetime(6) DEFAULT NULL,
  `id` bigint NOT NULL AUTO_INCREMENT,
  `updated_at` datetime(6) DEFAULT NULL,
  `code` varchar(255) NOT NULL,
  `name` varchar(255) DEFAULT NULL,
  PRIMARY KEY (`id`),
  UNIQUE KEY `UKiwylx6fb2dqdw8kfc31vaiiyp` (`code`)
) ENGINE=InnoDB AUTO_INCREMENT=11 DEFAULT CHARSET=utf8mb4 COLLATE=utf8mb4_0900_ai_ci;
/*!40101 SET character_set_client = @saved_cs_client */;

--
-- Dumping data for table `categories`
--

LOCK TABLES `categories` WRITE;
/*!40000 ALTER TABLE `categories` DISABLE KEYS */;
INSERT INTO `categories` VALUES (_binary '',NULL,1,NULL,'ACTION','Hành động'),(_binary '',NULL,2,NULL,'ROMANCE','Tình cảm'),(_binary '',NULL,3,NULL,'HORROR','Kinh dị'),(_binary '',NULL,4,NULL,'SCI_FI','Khoa học viễn tưởng'),(_binary '',NULL,5,NULL,'ANIMATION','Hoạt hình'),(_binary '',NULL,6,NULL,'COMEDY','Hài hước'),(_binary '',NULL,7,NULL,'DRAMA','Tâm lý'),(_binary '',NULL,8,NULL,'ADVENTURE','Phiêu lưu'),(_binary '',NULL,9,NULL,'MUSIC','Âm nhạc'),(_binary '',NULL,10,NULL,'DOCUMENTARY','Tài liệu');
/*!40000 ALTER TABLE `categories` ENABLE KEYS */;
UNLOCK TABLES;

--
-- Table structure for table `movie_category`
--

DROP TABLE IF EXISTS `movie_category`;
/*!40101 SET @saved_cs_client     = @@character_set_client */;
/*!50503 SET character_set_client = utf8mb4 */;
CREATE TABLE `movie_category` (
  `movie_id` bigint NOT NULL,
  `category_id` bigint NOT NULL,
  KEY `FKdglw5871flcg87i60sfs9i75c` (`category_id`),
  KEY `FKqvd8pujjfprrqnsykk3rjwo6k` (`movie_id`),
  CONSTRAINT `FKdglw5871flcg87i60sfs9i75c` FOREIGN KEY (`category_id`) REFERENCES `categories` (`id`),
  CONSTRAINT `FKqvd8pujjfprrqnsykk3rjwo6k` FOREIGN KEY (`movie_id`) REFERENCES `movies` (`id`)
) ENGINE=InnoDB DEFAULT CHARSET=utf8mb4 COLLATE=utf8mb4_0900_ai_ci;
/*!40101 SET character_set_client = @saved_cs_client */;

--
-- Dumping data for table `movie_category`
--

LOCK TABLES `movie_category` WRITE;
/*!40000 ALTER TABLE `movie_category` DISABLE KEYS */;
INSERT INTO `movie_category` VALUES (10,1),(10,5),(10,8),(1,1),(1,5),(1,8),(2,1),(2,4),(2,8),(3,1),(3,4),(3,8),(4,1),(4,3),(5,1),(5,3),(6,4),(6,8),(7,4),(7,8),(8,4),(8,8),(9,1),(9,4),(16,5),(16,9),(18,7),(19,5),(19,8),(19,9),(21,2),(21,6),(21,9),(20,8),(20,10),(22,4),(22,7),(22,8),(17,6),(15,3),(14,2),(14,7);
/*!40000 ALTER TABLE `movie_category` ENABLE KEYS */;
UNLOCK TABLES;

--
-- Table structure for table `movies`
--

DROP TABLE IF EXISTS `movies`;
/*!40101 SET @saved_cs_client     = @@character_set_client */;
/*!50503 SET character_set_client = utf8mb4 */;
CREATE TABLE `movies` (
  `id` bigint NOT NULL AUTO_INCREMENT,
  `created_at` datetime(6) DEFAULT NULL,
  `updated_at` datetime(6) DEFAULT NULL,
  `active` bit(1) NOT NULL,
  `description` text,
  `duration_in_minutes` int NOT NULL,
  `end_date` date DEFAULT NULL,
  `poster_key` varchar(255) NOT NULL,
  `release_date` date NOT NULL,
  `title` varchar(255) NOT NULL,
  `trailer_url` varchar(255) DEFAULT NULL,
  `cast` text,
  `director` varchar(255) NOT NULL,
  `embedding` text,
  PRIMARY KEY (`id`),
  UNIQUE KEY `UK19yourb4qsu0cpypx81fddhb` (`title`,`release_date`)
) ENGINE=InnoDB AUTO_INCREMENT=23 DEFAULT CHARSET=utf8mb4 COLLATE=utf8mb4_0900_ai_ci;
/*!40101 SET character_set_client = @saved_cs_client */;

--
-- Dumping data for table `movies`
--

LOCK TABLES `movies` WRITE;
/*!40000 ALTER TABLE `movies` DISABLE KEYS */;
INSERT INTO `movies` VALUES (1,'2025-09-24 14:52:30.434364','2025-10-24 14:36:37.911413',_binary '','Miles Morales trở thành Spider-Man và gặp các phiên bản Spider-Man từ nhiều vũ trụ khác nhau.',117,'2025-11-30','movies/673b1962-7397-4448-a0b1-4274fc1db859-6ca50b54-fb50-406a-903c-39a901d08e42-MV5BMjMwNDkxMTgzOF5BMl5BanBnXkFtZTgwNTkwNTQ3NjM._V1_.jpg','2025-09-25','Spider-Man: Into the Spider-Verse',NULL,NULL,'Bob Persichetti, Peter Ramsey, Rodney Rothman','{\"ho\":0.040232018233569596,\"rothman\":0.05409496184476851,\"morales\":0.05409496184476851,\"miles\":0.05409496184476851,\"into\":0.05409496184476851,\"persichetti\":0.05409496184476851,\"peter\":0.045985659682605214,\"man\":0.1622848855343055,\"verse\":0.05409496184476851,\"ramsey\":0.05409496184476851,\"kh\":0.02636907462237069,\"nhau\":0.045985659682605214,\"b\":0.02,\"c\":0.06,\"g\":0.045985659682605214,\"rodney\":0.05409496184476851,\"h\":0.04,\"l\":0.0219062035960865,\"n\":0.04,\"nhi\":0.040232018233569596,\"the\":0.03212271607140631,\"p\":0.03212271607140631,\"phi\":0.05273814924474138,\"th\":0.029039702474861144,\"t\":0.04,\"bob\":0.05409496184476851,\"null\":0.024013413909243025,\"u\":0.0657186107882595,\"v\":0.043812407192173,\"ng\":0.02,\"nh\":0.0657186107882595,\"spider\":0.21637984737907404,\"tr\":0.04802682781848605}'),(2,'2025-09-24 15:17:52.994608','2025-10-24 14:22:34.794049',_binary '','Các siêu anh hùng hợp lực để đánh bại Thanos trong trận chiến cuối cùng.',181,NULL,'movies/f844e199-b4f6-404d-9f6c-5967c4ed0891-455bba96-1f38-4d71-8848-3d03544f603a-91hINdNYUL.jpg','2025-09-25','Avengers: Endgame','https://www.youtube.com/watch?v=TcMBFSGVi1c',NULL,'Anthony Russo, Joe Russo','{\"joe\":0.0601055131608539,\"russo\":0.1202110263217078,\"si\":0.051095177425116906,\"anh\":0.044702242481744,\"thanos\":0.0601055131608539,\"khoa\":0.032266336083179054,\"b\":0.022222222222222223,\"c\":0.1111111111111111,\"chi\":0.051095177425116906,\"h\":0.08888888888888889,\"i\":0.05336314202054006,\"l\":0.04868045243574778,\"n\":0.06666666666666667,\"p\":0.035691906746007016,\"phi\":0.0292989718026341,\"trong\":0.051095177425116906,\"cu\":0.044702242481744,\"vi\":0.032266336083179054,\"avengers\":0.0601055131608539,\"null\":0.02668157101027003,\"t\":0.022222222222222223,\"u\":0.07302067865362166,\"endgame\":0.0601055131608539,\"ng\":0.08888888888888889,\"nh\":0.04868045243574778,\"anthony\":0.0601055131608539,\"tr\":0.02668157101027003}'),(3,'2025-09-24 15:22:50.386827','2025-10-24 14:22:37.095309',_binary '','Dom Cobb là một tên trộm bậc thầy, chuyên xâm nhập vào tiềm thức để đánh cắp ý tưởng. Anh phải thực hiện một nhiệm vụ cuối cùng: gieo một ý tưởng vào tâm trí người khác.',148,'2025-12-31','movies/a2e31c93-81e2-4505-872c-698bf4eeabcc-19f35558-cb5e-49b3-8e98-bd7b9aa7ca7b-MV5BMjAxMzY3NjcxNF5BMl5BanBnXkFtZTcwNTI5OTM0Mw._V1_.jpg','2025-10-06','Inception',NULL,NULL,'Christopher Nolan','{\"hi\":0.02947798697602898,\"cobb\":0.034676257592800325,\"dom\":0.034676257592800325,\"inception\":0.034676257592800325,\"anh\":0.02578975527792923,\"kh\":0.016903252963058134,\"khoa\":0.01861519389414176,\"b\":0.01282051282051282,\"c\":0.08974358974358974,\"chuy\":0.034676257592800325,\"h\":0.02564102564102564,\"i\":0.04617964213315967,\"l\":0.0280848764052391,\"m\":0.12314571235509245,\"n\":0.05128205128205128,\"nhi\":0.02578975527792923,\"o\":0.04118296932231578,\"p\":0.04118296932231578,\"phi\":0.016903252963058134,\"cu\":0.02578975527792923,\"vi\":0.01861519389414176,\"t\":0.10256410256410256,\"th\":0.05584558168242528,\"null\":0.015393214044386556,\"ti\":0.034676257592800325,\"u\":0.0280848764052391,\"v\":0.04212731460785866,\"x\":0.034676257592800325,\"ph\":0.02059148466115789,\"y\":0.022928940517490642,\"ng\":0.07692307692307693,\"nh\":0.04212731460785866,\"nolan\":0.02947798697602898,\"gieo\":0.034676257592800325,\"christopher\":0.02947798697602898,\"tr\":0.03078642808877311}'),(4,'2025-09-24 15:30:44.868602','2025-10-24 14:22:38.487548',_binary '','Một gia đình nghèo tìm cách thâm nhập vào nhà một gia đình giàu có, nhưng những bí mật bị che giấu đã dẫn đến bi kịch khó lường.',132,'2026-02-28','movies/fe38d552-0f52-4407-a75e-3c60e090c1b2-8fe0482b-f2a9-4205-8ad3-6e6bbbe6f553-MV5BYjk1Y2U4MjQtY2ZiNS00OWQyLWI3MmYtZWUwNmRjYWRiNWNhXkEyXkFqcGc._V1_.jpg','2025-12-10','Parasite',NULL,NULL,'Bong Joon Ho','{\"bi\":0.04257931452093075,\"ho\":0.03725186873478666,\"ngh\":0.05008792763404491,\"joon\":0.05008792763404491,\"kh\":0.024415809835528414,\"che\":0.05008792763404491,\"gi\":0.07450373746957333,\"b\":0.037037037037037035,\"c\":0.037037037037037035,\"d\":0.07450373746957333,\"ch\":0.05948651124334502,\"bong\":0.05008792763404491,\"h\":0.018518518518518517,\"kinh\":0.04257931452093075,\"k\":0.026888613402649208,\"l\":0.02028352184822824,\"m\":0.11117321254279178,\"n\":0.037037037037037035,\"o\":0.05948651124334502,\"p\":0.02974325562167251,\"parasite\":0.05008792763404491,\"t\":0.07407407407407407,\"th\":0.026888613402649208,\"null\":0.022234642508558358,\"u\":0.04056704369645648,\"v\":0.02028352184822824,\"ng\":0.07407407407407407,\"nh\":0.14198465293759768,\"gia\":0.0851586290418615}'),(5,'2025-09-24 15:47:08.141720','2025-10-24 14:22:39.799625',_binary '','Hai ảo thuật gia tài năng ở London thế kỷ 19 trở thành kẻ thù không đội trời chung, luôn tìm cách vượt qua nhau bằng những màn trình diễn ngày càng nguy hiểm.',130,'2026-03-31','movies/15d21b5f-1c9d-4c92-9cce-76e92e70e66a-8edd5036-3257-4f87-8d8c-d487c80d2a02-images.jpg','2026-01-21','The Prestige',NULL,NULL,'Christopher Nolan','{\"thu\":0.03769316367426657,\"hi\":0.03769316367426657,\"london\":0.04434013265964632,\"di\":0.04434013265964632,\"lu\":0.04434013265964632,\"chung\":0.04434013265964632,\"hai\":0.04434013265964632,\"kh\":0.021613995592107124,\"nhau\":0.03769316367426657,\"b\":0.01639344262295082,\"c\":0.03278688524590164,\"d\":0.03297706412587672,\"ch\":0.026330095140496976,\"19\":0.04434013265964632,\"h\":0.01639344262295082,\"i\":0.0590493784653517,\"kinh\":0.03769316367426657,\"k\":0.047606069630919914,\"prestige\":0.04434013265964632,\"m\":0.0590493784653517,\"n\":0.06557377049180328,\"nguy\":0.04434013265964632,\"o\":0.026330095140496976,\"the\":0.026330095140496976,\"t\":0.06557377049180328,\"th\":0.07140910444637986,\"null\":0.019683126155117237,\"v\":0.01795590458695615,\"ng\":0.11475409836065574,\"y\":0.029318973120725744,\"nh\":0.0718236183478246,\"nolan\":0.03769316367426657,\"qua\":0.04434013265964632,\"christopher\":0.03769316367426657,\"gia\":0.03769316367426657,\"tr\":0.0590493784653517}'),(6,'2025-09-25 10:04:59.034649','2025-10-24 14:22:41.017081',_binary '','Một bộ phim khoa học viễn tưởng kể về hành trình khám phá những giới hạn của vũ trụ.',125,'2026-01-01','movies/1f4bb707-e572-4181-ba24-7387f07a1340-12897664-43b5-4010-94fb-c8999b99b9aa-61z4TkeVgDL._UF10001000_QL80_.jpg','2025-09-01','The Silent Horizon',NULL,NULL,'Peter Deak','{\"deak\":0.057547831749753725,\"peter\":0.048920914555962994,\"khoa\":0.06178660101034286,\"kh\":0.0280522070450752,\"a\":0.03417310220362373,\"silent\":0.057547831749753725,\"b\":0.02127659574468085,\"gi\":0.042800019397414464,\"c\":0.06382978723404255,\"phim\":0.042800019397414464,\"h\":0.0851063829787234,\"i\":0.025546185009833005,\"k\":0.03089330050517143,\"l\":0.023304471910730318,\"m\":0.05109237001966601,\"n\":0.06382978723404255,\"the\":0.03417310220362373,\"phi\":0.0280522070450752,\"horizon\":0.057547831749753725,\"vi\":0.06178660101034286,\"t\":0.06382978723404255,\"null\":0.025546185009833005,\"u\":0.046608943821460636,\"v\":0.046608943821460636,\"ph\":0.03417310220362373,\"ng\":0.06382978723404255,\"nh\":0.06991341573219095,\"tr\":0.05109237001966601}'),(7,'2025-09-25 11:29:39.717278','2025-10-24 14:22:42.152749',_binary '','Một cuộc phiêu lưu kỳ bí dẫn dắt khán giả vào thế giới ẩn giấu, nơi mà ranh giới giữa thực tại và tưởng tượng trở nên mơ hồ.',135,'2026-01-15','movies/1d61f9d8-3e2b-443b-92f4-e1786769aca5-e1880273-65f8-4d8f-9222-8f76ca9a5f8b-71Oj9ZfmqoL._UF10001000_QL80_.jpg','2025-10-30','The Hidden Realm',NULL,NULL,'Nicholas Briggs','{\"hidden\":0.042261688941225395,\"ranh\":0.042261688941225395,\"kh\":0.0206008395487271,\"khoa\":0.02268726755848527,\"a\":0.02509587193078618,\"b\":0.015625,\"gi\":0.15715632122488124,\"c\":0.046875,\"nicholas\":0.042261688941225395,\"d\":0.0628625284899525,\"h\":0.03125,\"briggs\":0.042261688941225395,\"i\":0.07504191846638446,\"k\":0.02268726755848527,\"l\":0.034228443118885156,\"m\":0.05628143884978834,\"n\":0.109375,\"o\":0.02509587193078618,\"the\":0.02509587193078618,\"phi\":0.0412016790974542,\"cu\":0.03143126424497625,\"vi\":0.02268726755848527,\"t\":0.09375,\"th\":0.04537453511697054,\"null\":0.018760479616596114,\"u\":0.08557110779721289,\"v\":0.034228443118885156,\"ng\":0.046875,\"realm\":0.042261688941225395,\"tr\":0.018760479616596114}'),(8,'2025-09-25 14:40:57.352902','2025-10-24 14:22:43.270357',_binary '','Một bộ phim khoa học viễn tưởng đầy kịch tính, kể về hành trình sinh tồn và khám phá của loài người trong tương lai xa.',125,'2026-02-16','movies/24c9ef63-90fb-41ef-8ec8-e035ebdc8f43-2ed704ec-4011-493b-ae88-795de3c77686-images.jpg','2025-09-15','Eternity','https://www.youtube.com/watch?v=irXTps1REHU',NULL,'David Freyne','{\"lo\":0.04917723804069864,\"lai\":0.04917723804069864,\"david\":0.04917723804069864,\"khoa\":0.05279945904520208,\"kh\":0.02397188602033699,\"eternity\":0.04917723804069864,\"a\":0.029202469155823918,\"b\":0.01818181818181818,\"c\":0.05454545454545454,\"ch\":0.029202469155823918,\"sinh\":0.04180514516600474,\"phim\":0.036574562030517815,\"h\":0.05454545454545454,\"i\":0.04366075256226005,\"xa\":0.04917723804069864,\"k\":0.05279945904520208,\"l\":0.019914730541896818,\"m\":0.04366075256226005,\"n\":0.05454545454545454,\"phi\":0.02397188602033699,\"trong\":0.04180514516600474,\"vi\":0.05279945904520208,\"freyne\":0.04917723804069864,\"t\":0.10909090909090909,\"null\":0.021830376281130024,\"u\":0.039829461083793635,\"v\":0.039829461083793635,\"ph\":0.029202469155823918,\"ng\":0.07272727272727272,\"y\":0.03251740655207764,\"nh\":0.05974419162569045,\"tr\":0.021830376281130024}'),(9,'2025-09-25 15:52:15.542401','2025-10-24 14:22:44.446491',_binary '','Ba siêu anh hùng Carol Danvers, Monica Rambeau và Kamala Khan buộc phải hợp tác khi sức mạnh của họ bị kết nối một cách bí ẩn.',125,'2026-01-15','movies/e167af26-ca4b-474f-ab03-16e9d8ca5261-99bc4fb8-6a79-4f97-a93d-19b31834977a-BIT_I_MARVEL_-_Vietnam_poster.jpg','2025-11-10','The Marvels','https://www.youtube.com/watch?v=wS_qbDztgVY','Brie Larson, Teyonah Parris, Iman Vellani, Samuel L. Jackson','Nia DaCosta','{\"brie\":0.04293250940060992,\"larson\":0.04293250940060992,\"nia\":0.04293250940060992,\"dacosta\":0.04293250940060992,\"vellani\":0.04293250940060992,\"carol\":0.04293250940060992,\"bu\":0.04293250940060992,\"jackson\":0.04293250940060992,\"si\":0.03649655530365493,\"anh\":0.031930173201245714,\"samuel\":0.04293250940060992,\"khoa\":0.02304738291655646,\"marvels\":0.04293250940060992,\"iman\":0.04293250940060992,\"a\":0.02549421910429072,\"b\":0.031746031746031744,\"c\":0.09523809523809523,\"ch\":0.02549421910429072,\"teyonah\":0.04293250940060992,\"h\":0.07936507936507936,\"i\":0.03811653001467147,\"monica\":0.04293250940060992,\"k\":0.02304738291655646,\"l\":0.01738587586990992,\"khi\":0.03649655530365493,\"m\":0.03811653001467147,\"n\":0.047619047619047616,\"rambeau\":0.04293250940060992,\"the\":0.02549421910429072,\"p\":0.02549421910429072,\"parris\":0.04293250940060992,\"s\":0.03649655530365493,\"vi\":0.02304738291655646,\"t\":0.06349206349206349,\"u\":0.01738587586990992,\"v\":0.01738587586990992,\"khan\":0.04293250940060992,\"ph\":0.02549421910429072,\"ng\":0.047619047619047616,\"nh\":0.03477175173981984,\"danvers\":0.04293250940060992,\"ba\":0.04293250940060992,\"kamala\":0.04293250940060992}'),(10,'2025-10-08 22:51:00.600859','2025-10-24 14:21:55.328403',_binary '','Khi Gojo Satoru và Geto Suguru còn là học sinh trường Jujutsu, họ được giao nhiệm vụ bảo vệ một cô gái đặc biệt — người sẽ trở thành vật chứa của Tengen. Nhưng những biến cố bất ngờ đã thay đổi tất cả. Đây là phần phim đặc biệt...\n',110,NULL,'movies/ed099b00-d5c4-412b-9858-ad00ff095359-c8db6809-a90f-405b-9fa2-bbfd74eea28c-jujutsu-kaisen-500_1759216418459.jpg','2025-10-08','Chú Thuật Hồi Chiến: Hoài Ngọc / Ngọc Chiết','https://www.youtube.com/watch?v=Ep0XezEzJXg','Sakurai Takahiro, Nakamura Yuichi','Goshozono Shouta','{\"thu\":0.022992829841302607,\"shouta\":0.027047480922384255,\"satoru\":0.027047480922384255,\"ho\":0.040232018233569596,\"bi\":0.06897848952390782,\"jujutsu\":0.027047480922384255,\"suguru\":0.027047480922384255,\"thay\":0.027047480922384255,\"gojo\":0.027047480922384255,\"giao\":0.027047480922384255,\"a\":0.03212271607140631,\"b\":0.02,\"takahiro\":0.027047480922384255,\"c\":0.11,\"ch\":0.03212271607140631,\"chi\":0.045985659682605214,\"sinh\":0.022992829841302607,\"g\":0.022992829841302607,\"tengen\":0.027047480922384255,\"h\":0.05,\"phim\":0.020116009116784798,\"i\":0.06003353477310757,\"geto\":0.027047480922384255,\"yuichi\":0.027047480922384255,\"l\":0.03285930539412975,\"khi\":0.022992829841302607,\"m\":0.024013413909243025,\"goshozono\":0.027047480922384255,\"n\":0.04,\"nhi\":0.020116009116784798,\"o\":0.016061358035703154,\"sakurai\":0.027047480922384255,\"phi\":0.013184537311185344,\"s\":0.022992829841302607,\"t\":0.1,\"th\":0.014519851237430572,\"u\":0.0219062035960865,\"v\":0.043812407192173,\"ph\":0.016061358035703154,\"ng\":0.08,\"y\":0.017884573603642703,\"nh\":0.054765508990216254,\"tr\":0.024013413909243025,\"nakamura\":0.027047480922384255}'),(14,'2025-10-24 14:32:00.468720','2025-10-24 15:23:35.982791',_binary '','Câu chuyện tình bi thương giữa Jack và Rose trên con tàu định mệnh Titanic.',195,'2026-04-19','movies/41c87391-897a-4b30-8b76-5a48ac479dbc-93ce60a0-beea-4097-86e5-23fe7386a843-71ZJ8am0mKL.jpg','1997-12-19','Titanic','https://www.youtube.com/watch?v=2e-eXJ6HgkQ','Leonardo DiCaprio, Kate Winslet','James Cameron','{\"con\":0.08925905656740665,\"bi\":0.06449444219242949,\"james\":0.07052534898470542,\"winslet\":0.08925905656740665,\"dicaprio\":0.08925905656740665,\"a\":0.043184783804205956,\"gi\":0.05179164140200419,\"c\":0.05405405405405406,\"cameron\":0.08925905656740665,\"chuy\":0.07052534898470542,\"l\":0.03141943052696689,\"m\":0.08962382559387781,\"n\":0.05682666456148922,\"jack\":0.08925905656740665,\"leonardo\":0.08925905656740665,\"t\":0.10810810810810811,\"th\":0.043184783804205956,\"u\":0.06283886105393378,\"kate\":0.08925905656740665,\"titanic\":0.1785181131348133,\"v\":0.029874608531292604,\"ng\":0.02841333228074461,\"nh\":0.11365332912297844,\"rose\":0.08925905656740665,\"tr\":0.0408331249666484}'),(15,'2025-10-24 14:32:12.183839','2025-10-24 15:23:05.418538',_binary '','Một cặp vợ chồng điều tra hiện tượng siêu nhiên giúp một gia đình bị ám bởi thế lực tà ác.',112,'2026-11-19','movies/b1ccff9e-fc3e-49cc-82d7-465ff5d0bd76-874275c9-1c17-4711-8642-6ced42048328-MV5BMTM3NjA1NDMyMV5BMl5BanBnXkFtZTcwMDQzNDMzOQ._V1_.jpg','2013-07-19','The Conjuring','https://www.youtube.com/watch?v=k10ETZ41q5o','Vera Farmiga, Patrick Wilson','James Wan','{\"hi\":0.055495217700462576,\"james\":0.06068460261474652,\"si\":0.06068460261474652,\"patrick\":0.07680430448823362,\"tra\":0.07680430448823362,\"gi\":0.04456490074125942,\"b\":0.059892189416361895,\"c\":0.06976744186046512,\"d\":0.04767028196508553,\"ch\":0.04182576037715748,\"wan\":0.07680430448823362,\"i\":0.056890397735544634,\"vera\":0.07680430448823362,\"kinh\":0.06068460261474652,\"l\":0.027035323941808718,\"m\":0.07711817551101113,\"n\":0.048897362529653515,\"nhi\":0.055495217700462576,\"the\":0.04182576037715748,\"p\":0.08912980148251884,\"conjuring\":0.07680430448823362,\"wilson\":0.07680430448823362,\"t\":0.09302325581395349,\"th\":0.037159000017572566,\"u\":0.054070647883617436,\"v\":0.02570605850367038,\"farmiga\":0.07680430448823362,\"ng\":0.048897362529653515,\"nh\":0.024448681264826758,\"gia\":0.055495217700462576}'),(16,'2025-10-24 14:32:24.227321','2025-10-24 14:44:04.312890',_binary '','Elsa và Anna cùng nhau khám phá nguồn gốc sức mạnh phép thuật của Elsa.',103,'2026-03-22','movies/8417e1a8-7251-4f5e-9e2c-2167bf9ca746-02cd9255-e606-4c42-810a-36bb263cb0c3-p_frozen2_19644_4c4b423d.jpeg','2019-11-22','Frozen II','https://www.youtube.com/watch?v=Zi4LMpSDccc','Idina Menzel, Kristen Bell, Josh Gad','Chris Buck, Jennifer Lee','{\"thu\":0.0534716973053549,\"jennifer\":0.023255813953488372,\"ho\":0.04678141655066232,\"menzel\":0.023255813953488372,\"gad\":0.023255813953488372,\"anna\":0.023255813953488372,\"lee\":0.023255813953488372,\"buck\":0.023255813953488372,\"idina\":0.023255813953488372,\"elsa\":0.046511627906976744,\"nhau\":0.0534716973053549,\"kh\":0.03066171467717522,\"ngu\":0.023255813953488372,\"ii\":0.023255813953488372,\"a\":0.037351995431867804,\"c\":0.11627906976744186,\"g\":0.0534716973053549,\"h\":0.023255813953488372,\"frozen\":0.023255813953488372,\"josh\":0.023255813953488372,\"kristen\":0.023255813953488372,\"m\":0.08376772293921986,\"bell\":0.023255813953488372,\"n\":0.023255813953488372,\"p\":0.037351995431867804,\"s\":0.0534716973053549,\"chris\":0.023255813953488372,\"t\":0.046511627906976744,\"v\":0.02547232976289128,\"ph\":0.07470399086373561,\"ng\":0.023255813953488372,\"nh\":0.07641698928867384}'),(17,'2025-10-24 14:32:32.300491','2025-10-24 15:22:29.368725',_binary '','Ba người bạn tỉnh dậy sau buổi tiệc độc thân ở Las Vegas và phát hiện chú rể biến mất.',100,'2026-10-05','movies/9edd8a8a-4235-4175-8dad-e7c9a1d49501-35f5fa01-36f0-4ac2-9c32-2b1b089ca5c9-MV5BNDI2MzBhNzgtOWYyOS00NDM2LWE0OGYtOGQ0M2FjMTI2NTllXkEyXkFqcGc._V1_.jpg','2009-06-05','The Hangover','https://www.youtube.com/watch?v=tcdUhdOlz9M','Bradley Cooper, Ed Helms, Zach Galifianakis','Todd Phillips','{\"hi\":0.05423396275272479,\"phillips\":0.06584363602013367,\"bi\":0.05423396275272479,\"hangover\":0.07505875211350105,\"todd\":0.06584363602013367,\"galifianakis\":0.07505875211350105,\"bu\":0.06584363602013367,\"helms\":0.07505875211350105,\"las\":0.07505875211350105,\"ed\":0.07505875211350105,\"b\":0.029265501646631383,\"c\":0.06818181818181818,\"d\":0.04658686646587904,\"vegas\":0.07505875211350105,\"ch\":0.04087517491404027,\"sau\":0.06584363602013367,\"h\":0.052841769522626134,\"i\":0.08339615122596884,\"m\":0.025121829901314237,\"n\":0.09557211767159551,\"the\":0.04087517491404027,\"r\":0.07505875211350105,\"t\":0.06818181818181818,\"th\":0.03631447728990046,\"zach\":0.07505875211350105,\"ti\":0.05930540710077501,\"v\":0.025121829901314237,\"ph\":0.03631447728990046,\"ng\":0.02389302941789888,\"y\":0.04355206208804898,\"nh\":0.02389302941789888,\"cooper\":0.07505875211350105,\"bradley\":0.07505875211350105,\"ba\":0.06584363602013367}'),(18,'2025-10-24 14:32:39.807280','2025-10-24 14:44:35.019005',_binary '','Câu chuyện về Arthur Fleck, một diễn viên hài thất bại trở thành kẻ phản diện khét tiếng của Gotham.',122,'2026-02-04','movies/67b1fdab-8287-4516-ac58-23925cd36d45-b264f920-bde8-4e5c-aac7-179ccdb4b23a-MV5BNzY3OWQ5NDktNWQ2OC00ZjdlLThkMmItMDhhNDk3NTFiZGU4XkEyXkFqcGc._V1_FMjpg_UX1000_.jpg','2019-10-04','Joker','https://www.youtube.com/watch?v=zAGVQLHvwOY','Joaquin Phoenix, Robert De Niro','Todd Phillips','{\"arthur\":0.022222222222222223,\"de\":0.022222222222222223,\"di\":0.1202110263217078,\"phillips\":0.022222222222222223,\"fleck\":0.022222222222222223,\"niro\":0.022222222222222223,\"todd\":0.022222222222222223,\"joaquin\":0.022222222222222223,\"robert\":0.022222222222222223,\"kh\":0.0292989718026341,\"gotham\":0.022222222222222223,\"a\":0.035691906746007016,\"b\":0.022222222222222223,\"c\":0.044444444444444446,\"chuy\":0.0601055131608539,\"h\":0.022222222222222223,\"i\":0.05336314202054006,\"k\":0.032266336083179054,\"l\":0.02434022621787389,\"m\":0.05336314202054006,\"n\":0.1111111111111111,\"phoenix\":0.022222222222222223,\"vi\":0.032266336083179054,\"t\":0.08888888888888889,\"th\":0.06453267216635811,\"u\":0.02434022621787389,\"ti\":0.0601055131608539,\"v\":0.02434022621787389,\"ph\":0.035691906746007016,\"ng\":0.022222222222222223,\"joker\":0.022222222222222223,\"nh\":0.02434022621787389,\"tr\":0.02668157101027003}'),(19,'2025-10-24 14:32:47.040742','2025-10-24 15:20:42.232622',_binary '','Simba, chú sư tử non, phải giành lại ngai vàng sau cái chết của cha mình.',118,'2026-11-19','movies/2417e20d-84b5-40cd-9baf-838647147db8-6fc9a2c9-b1a4-40fa-a951-1fb3234e51ae-411jlgmc5ML._AC_UF8941000_QL80_.jpg','2019-07-19','The Lion King','https://www.youtube.com/watch?v=7TavVZMewpY','Donald Glover, Beyoncé, James Earl Jones','Jon Favreau','{\"donald\":0.07179532810856622,\"james\":0.05672691113987175,\"ho\":0.047912452267955125,\"jon\":0.07179532810856622,\"non\":0.07179532810856622,\"beyonc\":0.07179532810856622,\"glover\":0.07179532810856622,\"ngai\":0.07179532810856622,\"simba\":0.07179532810856622,\"cha\":0.07179532810856622,\"a\":0.03473558697294827,\"gi\":0.041658494171177285,\"c\":0.06521739130434782,\"king\":0.07179532810856622,\"ch\":0.07819598679207702,\"sau\":0.0629808692366496,\"h\":0.025272150641255976,\"i\":0.07977023160744846,\"l\":0.05054430128251195,\"m\":0.0480591528546881,\"lion\":0.07179532810856622,\"the\":0.03909799339603851,\"phi\":0.03473558697294827,\"s\":0.047912452267955125,\"t\":0.06521739130434782,\"u\":0.05054430128251195,\"v\":0.02402957642734405,\"favreau\":0.07179532810856622,\"ph\":0.03473558697294827,\"ng\":0.022854202051903274,\"earl\":0.07179532810856622,\"nh\":0.0914168082076131,\"jones\":0.07179532810856622}'),(20,'2025-10-24 14:32:55.228028','2025-10-24 15:21:37.065312',_binary '','Bộ phim tài liệu về nhà leo núi Alex Honnold khi anh chinh phục El Capitan mà không dùng dây.',100,'2026-04-14','movies/0868bef7-e728-47dd-87e8-cf7e9643e7ed-7d21a807-ff61-4076-8724-3a083d03924a-51C5qjQOzdL._AC_UF8941000_QL80_.jpg','2018-12-14','Free Solo','https://www.youtube.com/watch?v=urRVZ4SW7WU','Alex Honnold','Elizabeth Chai Vasarhelyi, Jimmy Chin','{\"capitan\":0.07505875211350105,\"leo\":0.07505875211350105,\"anh\":0.05423396275272479,\"free\":0.07505875211350105,\"kh\":0.03631447728990046,\"elizabeth\":0.07505875211350105,\"b\":0.029265501646631383,\"c\":0.022727272727272728,\"chai\":0.07505875211350105,\"d\":0.09317373293175808,\"chin\":0.07505875211350105,\"el\":0.07505875211350105,\"phim\":0.05423396275272479,\"i\":0.08339615122596884,\"solo\":0.07505875211350105,\"l\":0.026420884761313067,\"khi\":0.05930540710077501,\"m\":0.025121829901314237,\"n\":0.02389302941789888,\"phi\":0.03631447728990046,\"alex\":0.1501175042270021,\"honnold\":0.1501175042270021,\"t\":0.045454545454545456,\"u\":0.10568353904525227,\"v\":0.025121829901314237,\"ph\":0.03631447728990046,\"ng\":0.04778605883579776,\"y\":0.04355206208804898,\"nh\":0.02389302941789888,\"vasarhelyi\":0.07505875211350105,\"li\":0.1501175042270021,\"chinh\":0.07505875211350105,\"jimmy\":0.07505875211350105}'),(21,'2025-10-24 14:33:01.502917','2025-10-24 15:21:08.062219',_binary '','Một nhạc sĩ và nữ diễn viên trẻ yêu nhau giữa Los Angeles hoa lệ.',128,'2026-04-09','movies/276033ec-9cb9-4728-b98b-0ef0c9dcf772-7c8b580f-4a52-4195-b766-497337f493dc-MV5BMzUzNDM2NzM2MV5BMl5BanBnXkFtZTgwNTM3NTg4OTE._V1_.jpg','2016-12-09','La La Land','https://www.youtube.com/watch?v=0pdqf4P9MB8','Ryan Gosling, Emma Stone','Damien Chazelle','{\"ryan\":0.08055085592668405,\"di\":0.06364482713253904,\"los\":0.08055085592668405,\"gosling\":0.08055085592668405,\"emma\":0.08055085592668405,\"land\":0.08055085592668405,\"nhau\":0.058202301490729046,\"a\":0.03897163416477123,\"gi\":0.046738798338394026,\"c\":0.0975609756097561,\"angeles\":0.08055085592668405,\"h\":0.056708240463306095,\"i\":0.02983276954424902,\"l\":0.028354120231653047,\"damien\":0.08055085592668405,\"m\":0.08088003773106046,\"n\":0.07692389958933296,\"stone\":0.08055085592668405,\"s\":0.0537554342518521,\"vi\":0.041296272696584035,\"t\":0.04878048780487805,\"la\":0.1611017118533681,\"u\":0.028354120231653047,\"v\":0.026960012577020156,\"chazelle\":0.08055085592668405,\"y\":0.046738798338394026,\"nh\":0.07692389958933296,\"hoa\":0.08055085592668405,\"tr\":0.03684940545770709}'),(22,'2025-10-24 14:37:22.198962','2025-10-24 15:22:06.179027',_binary '','Một nhóm phi hành gia du hành qua hố đen để tìm hành tinh mới cho nhân loại.',169,'2026-03-07','movies/abb59f46-346d-44e0-a688-19ac6a6d0c46-6aefb355-58b3-4cba-b6c9-1a68e95ae8fd-Interstellar_poster.jpg','2014-11-07','Interstellar','https://www.youtube.com/watch?v=zSWdZVtXT7E','Matthew McConaughey, Anne Hathaway','Christopher Nolan','{\"mcconaughey\":0.07026776793604353,\"lo\":0.06164085074225279,\"anne\":0.07026776793604353,\"hathaway\":0.07026776793604353,\"du\":0.07026776793604353,\"tinh\":0.07026776793604353,\"khoa\":0.040772143231365,\"matthew\":0.07026776793604353,\"c\":0.02127659574468085,\"h\":0.12367222654231648,\"en\":0.07026776793604353,\"i\":0.05204866175805148,\"cho\":0.07026776793604353,\"l\":0.04946889061692659,\"m\":0.1175915442189177,\"n\":0.044735884867555344,\"phi\":0.06799306386194129,\"vi\":0.036024408097020115,\"t\":0.0851063829787234,\"u\":0.04946889061692659,\"interstellar\":0.07026776793604353,\"ng\":0.022367942433777672,\"nh\":0.11183971216888836,\"nolan\":0.05551995558370426,\"qua\":0.06164085074225279,\"christopher\":0.05551995558370426,\"gia\":0.050772220449359376}');
/*!40000 ALTER TABLE `movies` ENABLE KEYS */;
UNLOCK TABLES;

--
-- Table structure for table `ratings`
--

DROP TABLE IF EXISTS `ratings`;
/*!40101 SET @saved_cs_client     = @@character_set_client */;
/*!50503 SET character_set_client = utf8mb4 */;
CREATE TABLE `ratings` (
  `id` bigint NOT NULL AUTO_INCREMENT,
  `comment` varchar(1000) DEFAULT NULL,
  `stars` int NOT NULL,
  `user_id` bigint NOT NULL,
  `movie_id` bigint NOT NULL,
  `created_at` datetime(6) DEFAULT NULL,
  `updated_at` datetime(6) DEFAULT NULL,
  `status` enum('APPROVED','PENDING','REJECTED') NOT NULL,
  PRIMARY KEY (`id`),
  UNIQUE KEY `UKdgoict4b72dqjw4vohjvqssbv` (`movie_id`,`user_id`),
  CONSTRAINT `FK44trpo3u915t27ybt03ib4h0o` FOREIGN KEY (`movie_id`) REFERENCES `movies` (`id`)
) ENGINE=InnoDB AUTO_INCREMENT=13 DEFAULT CHARSET=utf8mb4 COLLATE=utf8mb4_0900_ai_ci;
/*!40101 SET character_set_client = @saved_cs_client */;

--
-- Dumping data for table `ratings`
--

LOCK TABLES `ratings` WRITE;
/*!40000 ALTER TABLE `ratings` DISABLE KEYS */;
INSERT INTO `ratings` VALUES (1,'',5,4153,10,'2025-10-16 10:51:37.936841',NULL,'APPROVED'),(2,'phim cũng ok',4,4135,10,'2025-10-16 10:52:05.974184',NULL,'APPROVED'),(3,'hay',5,4154,10,'2025-10-27 08:56:26.400153',NULL,'APPROVED'),(5,'ok đó',4,4158,3,'2025-10-27 15:18:13.184682',NULL,'APPROVED'),(6,'hay',5,4158,18,'2025-10-27 15:18:28.539735',NULL,'APPROVED'),(7,'hay quá',5,4158,16,'2025-10-27 15:18:52.994866',NULL,'APPROVED'),(8,'',5,4154,2,'2025-10-27 15:19:11.634343',NULL,'APPROVED'),(9,'chán',1,4154,6,'2025-10-27 15:19:23.455213',NULL,'APPROVED'),(10,'ko hay',1,4154,8,'2025-10-27 15:19:48.368329',NULL,'APPROVED'),(11,'cảm động',4,4153,14,'2025-10-27 15:20:18.437676',NULL,'APPROVED'),(12,'hay đó',5,4153,15,'2025-10-27 16:14:22.772647',NULL,'APPROVED');
/*!40000 ALTER TABLE `ratings` ENABLE KEYS */;
UNLOCK TABLES;
/*!40103 SET TIME_ZONE=@OLD_TIME_ZONE */;

/*!40101 SET SQL_MODE=@OLD_SQL_MODE */;
/*!40014 SET FOREIGN_KEY_CHECKS=@OLD_FOREIGN_KEY_CHECKS */;
/*!40014 SET UNIQUE_CHECKS=@OLD_UNIQUE_CHECKS */;
/*!40101 SET CHARACTER_SET_CLIENT=@OLD_CHARACTER_SET_CLIENT */;
/*!40101 SET CHARACTER_SET_RESULTS=@OLD_CHARACTER_SET_RESULTS */;
/*!40101 SET COLLATION_CONNECTION=@OLD_COLLATION_CONNECTION */;
/*!40111 SET SQL_NOTES=@OLD_SQL_NOTES */;

-- Dump completed on 2025-11-03 14:47:10
